A,C,Class,D,E,F,G,H,I,ID,K,L,Length,M,N,P,Q,R,S,T,V,W,Y
0.1349206349206349,0.026455026455026454,1,0.06084656084656084,0.03968253968253968,0.06613756613756613,0.07671957671957672,0.021164021164021163,0.042328042328042326,sp|Q02567|PEM1_PHACH,0.023809523809523808,0.07936507936507936,378,0.021164021164021163,0.03968253968253968,0.082010582010582,0.047619047619047616,0.03439153439153439,0.07936507936507936,0.05555555555555555,0.06613756613756613,0.0026455026455026454,0.0
0.11422413793103449,0.0021551724137931034,1,0.06896551724137931,0.0625,0.04741379310344827,0.09698275862068965,0.032327586206896554,0.015086206896551725,sp|K7N5M8|DYP2_AMYS7,0.034482758620689655,0.09913793103448276,464,0.017241379310344827,0.034482758620689655,0.07758620689655173,0.03879310344827586,0.0603448275862069,0.04310344827586207,0.0625,0.0625,0.010775862068965518,0.01939655172413793
0.1256544502617801,0.02617801047120419,1,0.06806282722513089,0.04712041884816754,0.06806282722513089,0.07591623036649214,0.01832460732984293,0.03926701570680628,sp|P19136|PEM4_PHACH,0.031413612565445025,0.08638743455497382,382,0.02356020942408377,0.03664921465968586,0.07853403141361257,0.03664921465968586,0.028795811518324606,0.07591623036649214,0.07329842931937172,0.05759162303664921,0.002617801047120419,0.0
0.13846153846153847,0.02564102564102564,1,0.07435897435897436,0.038461538461538464,0.06666666666666667,0.07435897435897436,0.015384615384615385,0.038461538461538464,sp|Q70LM3|PEM2_PHLRA,0.020512820512820513,0.08717948717948718,390,0.015384615384615385,0.041025641025641026,0.08461538461538462,0.035897435897435895,0.020512820512820513,0.07179487179487179,0.07179487179487179,0.07692307692307693,0.002564102564102564,0.0
0.1270718232044199,0.022099447513812154,1,0.058011049723756904,0.06077348066298342,0.06353591160220995,0.08287292817679558,0.022099447513812154,0.06906077348066299,sp|Q96TS6|PEM3_PHLRA,0.013812154696132596,0.06077348066298342,362,0.013812154696132596,0.03591160220994475,0.07458563535911603,0.04696132596685083,0.03038674033149171,0.07734806629834254,0.07458563535911603,0.06353591160220995,0.0027624309392265192,0.0
0.12631578947368421,0.02631578947368421,1,0.06842105263157895,0.039473684210526314,0.060526315789473685,0.06315789473684211,0.015789473684210527,0.05,sp|P78733|PEM3_PHACH,0.031578947368421054,0.0868421052631579,380,0.015789473684210527,0.04473684210526316,0.07631578947368421,0.05,0.031578947368421054,0.07368421052631578,0.07631578947368421,0.060526315789473685,0.002631578947368421,0.0
0.1329639889196676,0.0221606648199446,1,0.07479224376731301,0.036011080332409975,0.06371191135734072,0.08310249307479224,0.019390581717451522,0.055401662049861494,sp|O94753|VPL2_PLEER,0.030470914127423823,0.08033240997229917,361,0.013850415512465374,0.027700831024930747,0.08587257617728532,0.04709141274238227,0.027700831024930747,0.07479224376731301,0.05263157894736842,0.0664819944598338,0.00554016620498615,0.0
0.12432432432432433,0.024324324324324326,1,0.06486486486486487,0.043243243243243246,0.06756756756756757,0.07567567567567568,0.021621621621621623,0.051351351351351354,sp|Q9UVP6|VPS1_PLEER,0.02702702702702703,0.08108108108108109,370,0.021621621621621623,0.04054054054054054,0.08108108108108109,0.043243243243243246,0.02972972972972973,0.06756756756756757,0.07027027027027027,0.05945945945945946,0.005405405405405406,0.0
0.13573407202216067,0.0221606648199446,1,0.07202216066481995,0.036011080332409975,0.06371191135734072,0.08033240997229917,0.019390581717451522,0.05263157894736842,sp|Q9UR19|VPL1_PLEER,0.030470914127423823,0.08033240997229917,361,0.013850415512465374,0.027700831024930747,0.08587257617728532,0.04709141274238227,0.027700831024930747,0.07756232686980609,0.05263157894736842,0.06925207756232687,0.00554016620498615,0.0
0.12462372065021071,0.0030102347983142685,1,0.051173991571342566,0.0325105358217941,0.03190848886213125,0.10355207706201083,0.014449127031908489,0.0403371462974112,tr|P71431|P71431_LEPDI,0.0325105358217941,0.06321493076459964,1661,0.015653220951234198,0.052378085490668275,0.07043949428055388,0.03190848886213125,0.03431667670078266,0.0638169777242625,0.10114388922335943,0.08910295003010235,0.016857314870559904,0.027092113184828417
0.12180746561886051,0.0019646365422396855,0,0.05304518664047151,0.019646365422396856,0.05108055009823183,0.09430255402750491,0.01768172888015717,0.05304518664047151,sp|I2DBY1|DYP_AURAJ,0.023575638506876228,0.09823182711198428,509,0.009823182711198428,0.05304518664047151,0.07072691552062868,0.05108055009823183,0.03536345776031434,0.10019646365422397,0.06483300589390963,0.05893909626719057,0.007858546168958742,0.0137524557956778
0.09090909090909091,0.023776223776223775,0,0.05454545454545454,0.02937062937062937,0.04755244755244755,0.057342657342657345,0.013986013986013986,0.04195804195804196,sp|P11678|PERE_HUMAN,0.027972027972027972,0.12167832167832168,715,0.02097902097902098,0.05454545454545454,0.06433566433566433,0.043356643356643354,0.11608391608391608,0.06013986013986014,0.046153846153846156,0.04755244755244755,0.015384615384615385,0.022377622377622378
0.042105263157894736,0.021052631578947368,0,0.05263157894736842,0.06315789473684211,0.07894736842105263,0.05789473684210526,0.010526315789473684,0.05789473684210526,sp|P18283|GPX2_HUMAN,0.05263157894736842,0.09473684210526316,190,0.010526315789473684,0.05789473684210526,0.07368421052631578,0.042105263157894736,0.06842105263157895,0.04736842105263158,0.05263157894736842,0.06315789473684211,0.010526315789473684,0.03684210526315789
0.08798882681564246,0.0223463687150838,0,0.051675977653631286,0.029329608938547486,0.04888268156424581,0.05446927374301676,0.019553072625698324,0.04329608938547486,sp|P49290|PERE_MOUSE,0.036312849162011177,0.12011173184357542,716,0.02094972067039106,0.05027932960893855,0.06284916201117319,0.05027932960893855,0.10893854748603352,0.061452513966480445,0.0446927374301676,0.05027932960893855,0.01675977653631285,0.019553072625698324
0.04424778761061947,0.017699115044247787,0,0.030973451327433628,0.07079646017699115,0.061946902654867256,0.10176991150442478,0.017699115044247787,0.048672566371681415,sp|P22352|GPX3_HUMAN,0.06637168141592921,0.11061946902654868,226,0.02654867256637168,0.03982300884955752,0.05309734513274336,0.048672566371681415,0.04424778761061947,0.05752212389380531,0.03982300884955752,0.05752212389380531,0.01327433628318584,0.04424778761061947
0.055248618784530384,0.034530386740331494,0,0.06077348066298342,0.04143646408839779,0.058011049723756904,0.07320441988950276,0.019337016574585635,0.058011049723756904,sp|Q23490|MLT7_CAEEL,0.052486187845303865,0.0787292817679558,724,0.03314917127071823,0.06077348066298342,0.049723756906077346,0.03591160220994475,0.0649171270718232,0.08287292817679558,0.06767955801104972,0.04419889502762431,0.008287292817679558,0.020718232044198894
0.03164556962025317,0.0189873417721519,0,0.05063291139240506,0.06329113924050633,0.0759493670886076,0.0759493670886076,0.012658227848101266,0.05063291139240506,sp|O59858|GPX1_SCHPO,0.10126582278481013,0.08227848101265822,158,0.006329113924050633,0.0759493670886076,0.056962025316455694,0.06962025316455696,0.02531645569620253,0.056962025316455694,0.0189873417721519,0.0759493670886076,0.006329113924050633,0.04430379746835443
0.05970149253731343,0.01990049751243781,0,0.04477611940298507,0.06467661691542288,0.05472636815920398,0.0845771144278607,0.009950248756218905,0.04477611940298507,sp|P11352|GPX1_MOUSE,0.03980099502487562,0.1044776119402985,201,0.014925373134328358,0.05970149253731343,0.07462686567164178,0.029850746268656716,0.06965174129353234,0.06467661691542288,0.05970149253731343,0.05970149253731343,0.009950248756218905,0.024875621890547265
0.08181818181818182,0.024242424242424242,0,0.0696969696969697,0.030303030303030304,0.05454545454545454,0.09393939393939393,0.01818181818181818,0.06060606060606061,sp|Q9XIV8|PERN1_TOBAC,0.030303030303030304,0.08181818181818182,330,0.024242424242424242,0.04242424242424243,0.03333333333333333,0.03333333333333333,0.07272727272727272,0.07272727272727272,0.07272727272727272,0.08484848484848485,0.006060606060606061,0.012121212121212121
0.10405405405405406,0.004054054054054054,0,0.06756756756756757,0.05945945945945946,0.03513513513513514,0.10675675675675676,0.016216216216216217,0.033783783783783786,sp|P9WIE5|KATG_MYCTU,0.0472972972972973,0.08378378378378379,740,0.024324324324324326,0.03783783783783784,0.06756756756756757,0.02837837837837838,0.04864864864864865,0.04864864864864865,0.05675675675675676,0.06891891891891892,0.032432432432432434,0.02837837837837838
0.10060975609756098,0.03353658536585366,0,0.054878048780487805,0.027439024390243903,0.04878048780487805,0.0701219512195122,0.012195121951219513,0.054878048780487805,sp|Q39034|PER59_ARATH,0.042682926829268296,0.11585365853658537,328,0.018292682926829267,0.07926829268292683,0.03353658536585366,0.027439024390243903,0.04573170731707317,0.08231707317073171,0.06097560975609756,0.07926829268292683,0.003048780487804878,0.009146341463414634
0.07736389684813753,0.02865329512893983,0,0.0659025787965616,0.022922636103151862,0.06876790830945559,0.07163323782234957,0.008595988538681949,0.054441260744985676,sp|P24102|PER22_ARATH,0.011461318051575931,0.10315186246418338,349,0.014326647564469915,0.06876790830945559,0.06017191977077364,0.04011461318051576,0.06876790830945559,0.0830945558739255,0.05730659025787966,0.07163323782234957,0.0057306590257879654,0.017191977077363897
0.10606060606060606,0.0013774104683195593,0,0.07575757575757576,0.06060606060606061,0.049586776859504134,0.08953168044077135,0.01790633608815427,0.03856749311294766,sp|P13029|KATG_ECOLI,0.048209366391184574,0.08677685950413223,726,0.01790633608815427,0.03856749311294766,0.05509641873278237,0.03305785123966942,0.05647382920110193,0.06060606060606061,0.05371900826446281,0.05922865013774105,0.030303030303030304,0.02066115702479339
0.13736263736263737,0.0027472527472527475,0,0.0673076923076923,0.05631868131868132,0.04395604395604396,0.09203296703296704,0.023351648351648352,0.024725274725274724,sp|Q939D2|KATG_BURPS,0.042582417582417584,0.09065934065934066,728,0.019230769230769232,0.038461538461538464,0.050824175824175824,0.038461538461538464,0.059065934065934064,0.04945054945054945,0.054945054945054944,0.057692307692307696,0.03159340659340659,0.019230769230769232
0.09018567639257294,0.005305039787798408,0,0.07029177718832891,0.0636604774535809,0.03050397877984085,0.09151193633952255,0.03050397877984085,0.03978779840848806,sp|P73911|KATG_SYNY3,0.04774535809018567,0.08090185676392574,754,0.03050397877984085,0.05570291777188329,0.05968169761273209,0.03713527851458886,0.054376657824933686,0.038461538461538464,0.05172413793103448,0.05702917771883289,0.034482758620689655,0.03050397877984085
0.10483870967741936,0.021505376344086023,0,0.06989247311827956,0.04838709677419355,0.07526881720430108,0.08602150537634409,0.021505376344086023,0.06182795698924731,sp|P06181|LIG8_PHACH,0.02956989247311828,0.06720430107526881,372,0.016129032258064516,0.03763440860215054,0.08333333333333333,0.06182795698924731,0.026881720430107527,0.06182795698924731,0.056451612903225805,0.06182795698924731,0.008064516129032258,0.0
