,CV Folds,Comparison,Scaler,Scoring Metric,Trees:11leaf10,Trees:11leaf13,Trees:11leaf16,Trees:11leaf19,Trees:11leaf22,Trees:11leaf25,Trees:11leaf28,Trees:13leaf10,Trees:13leaf13,Trees:13leaf16,Trees:13leaf19,Trees:13leaf22,Trees:13leaf25,Trees:13leaf28,Trees:1leaf10,Trees:1leaf13,Trees:1leaf16,Trees:1leaf19,Trees:1leaf22,Trees:1leaf25,Trees:1leaf28,Trees:3leaf10,Trees:3leaf13,Trees:3leaf16,Trees:3leaf19,Trees:3leaf22,Trees:3leaf25,Trees:3leaf28,Trees:5leaf10,Trees:5leaf13,Trees:5leaf16,Trees:5leaf19,Trees:5leaf22,Trees:5leaf25,Trees:5leaf28,Trees:7leaf10,Trees:7leaf13,Trees:7leaf16,Trees:7leaf19,Trees:7leaf22,Trees:7leaf25,Trees:7leaf28,Trees:9leaf10,Trees:9leaf13,Trees:9leaf16,Trees:9leaf19,Trees:9leaf22,Trees:9leaf25,Trees:9leaf28
0,5,CSVs/AvNotA.csv,MinMaxScaler,f1,0.915236174763525,0.9154134881096322,0.9055703570352988,0.9010570388464567,0.9106339286653226,0.9111329160686574,0.9065032918677826,0.9201697960009945,0.9172733448686998,0.9080097269094496,0.8979155547464129,0.9134377488107672,0.9094328626899607,0.9023988671353548,0.8813314252845726,0.8721643844909032,0.8621042765173718,0.850103491089414,0.8639624040418565,0.8749778316417597,0.8437964217251434,0.9110533273082521,0.9004102463738152,0.8907019240446303,0.883966787989167,0.8893427652514866,0.8983746928543626,0.8887082257600122,0.9048049116808852,0.9046347991440747,0.8929513978082737,0.8922980931460456,0.8961525494272911,0.9015044458772022,0.8931727410454127,0.9118820744029594,0.9098686603573416,0.8966443182393485,0.8954440001238757,0.9018471637942136,0.8987042909257207,0.8929015948682562,0.9210003450556716,0.9130483557877687,0.9036190531804982,0.8996871160595136,0.9067117397813769,0.9091759401213253,0.9073724686880427
1,5,CSVs/AvNotA.csv,StandardScaler,f1,0.9150475733851255,0.9151854986329481,0.9055703570352988,0.9010570388464567,0.9106339286653226,0.9111329160686574,0.9065032918677826,0.9201697960009945,0.9172733448686998,0.9080097269094496,0.8977698061557247,0.9134377488107672,0.9094328626899607,0.9023988671353548,0.8813314252845726,0.8721643844909032,0.8621042765173718,0.850103491089414,0.8639624040418565,0.8749778316417597,0.8437964217251434,0.9110533273082521,0.9004102463738152,0.8907019240446303,0.883966787989167,0.8893427652514866,0.8983746928543626,0.8887082257600122,0.9046824074880488,0.9046347991440747,0.8927961696319857,0.8922980931460456,0.8961525494272911,0.9015044458772022,0.8931727410454127,0.9113329218605866,0.9098686603573416,0.8966443182393485,0.8954440001238757,0.9018471637942136,0.8987042909257207,0.8929015948682562,0.9210003450556716,0.9128219115665136,0.9036190531804982,0.8996871160595136,0.9067117397813769,0.9091759401213253,0.9073724686880427
2,5,CSVs/AvNotA.csv,MaxAbsScaler,f1,0.915236174763525,0.9151854986329481,0.9055703570352988,0.9010570388464567,0.9106339286653226,0.9111329160686574,0.9065032918677826,0.9201697960009945,0.9172733448686998,0.9080097269094496,0.8977698061557247,0.9134377488107672,0.9094328626899607,0.9023988671353548,0.8813314252845726,0.8721643844909032,0.8621042765173718,0.850103491089414,0.8639624040418565,0.8749778316417597,0.8437964217251434,0.9110533273082521,0.9004102463738152,0.8907019240446303,0.883966787989167,0.8893427652514866,0.8983746928543626,0.8887082257600122,0.9046296855224508,0.9046347991440747,0.8929513978082737,0.8922980931460456,0.8961525494272911,0.9015044458772022,0.8931727410454127,0.9115156073370911,0.9098686603573416,0.8966443182393485,0.8954440001238757,0.9018471637942136,0.8987042909257207,0.8929015948682562,0.9210003450556716,0.9128219115665136,0.9036190531804982,0.8996871160595136,0.9067117397813769,0.9091759401213253,0.9073724686880427
3,5,CSVs/AvNotA.csv,RobustScaler,f1,0.9150475733851255,0.9154134881096322,0.9055703570352988,0.9010570388464567,0.9106339286653226,0.9111329160686574,0.9065032918677826,0.9201697960009945,0.9172733448686998,0.9080097269094496,0.8977698061557247,0.9134377488107672,0.9094328626899607,0.9023988671353548,0.8813314252845726,0.8721643844909032,0.8621042765173718,0.850103491089414,0.8639624040418565,0.8749778316417597,0.8437964217251434,0.9110533273082521,0.9004102463738152,0.8907019240446303,0.883966787989167,0.8893427652514866,0.8983746928543626,0.8887082257600122,0.9046824074880488,0.9046347991440747,0.8927961696319857,0.8922980931460456,0.8961525494272911,0.9015044458772022,0.8931727410454127,0.9113329218605866,0.9098686603573416,0.8966443182393485,0.8954440001238757,0.9018471637942136,0.8987042909257207,0.8929015948682562,0.9210003450556716,0.9130483557877687,0.9036190531804982,0.8996871160595136,0.9067117397813769,0.9091759401213253,0.9073724686880427
4,5,CSVs/AvNotA.csv,None,f1,0.915236174763525,0.9151854986329481,0.9055703570352988,0.9010570388464567,0.9106339286653226,0.9111329160686574,0.9065032918677826,0.9201697960009945,0.9172733448686998,0.9080097269094496,0.8977698061557247,0.9134377488107672,0.9094328626899607,0.9023988671353548,0.8813314252845726,0.8721643844909032,0.8621042765173718,0.850103491089414,0.8639624040418565,0.8749778316417597,0.8437964217251434,0.9110533273082521,0.9004102463738152,0.8907019240446303,0.883966787989167,0.8893427652514866,0.8983746928543626,0.8887082257600122,0.9050325175663266,0.9046347991440747,0.8927961696319857,0.8922980931460456,0.8961525494272911,0.9015044458772022,0.8931727410454127,0.9118820744029594,0.9098686603573416,0.8966443182393485,0.8954440001238757,0.9018471637942136,0.8987042909257207,0.8929015948682562,0.9210003450556716,0.9128219115665136,0.9036190531804982,0.8996871160595136,0.9067117397813769,0.9091759401213253,0.9073724686880427
5,5,CSVs/AvNotA.csv,MinMaxScaler,accuracy,0.9133482908695363,0.9129349501255557,0.9020176299944437,0.8990817414296689,0.9091474942877955,0.9112434926916446,0.9043208466476074,0.9183850216190406,0.91524543406756,0.9045381961214668,0.894673500145734,0.9112494331514703,0.9095681074042531,0.899284114511657,0.8803758993945833,0.8713592477320375,0.8602305282920153,0.8453218245728141,0.8614758398162172,0.8736684122394067,0.8392408438029895,0.9103925835184562,0.8999145926032283,0.8866817215313931,0.8784968123475938,0.8883553483428519,0.9001061809823614,0.8862578105215702,0.9034739050212997,0.902647223995487,0.8910882020286518,0.8877479952496288,0.894869271433058,0.9028350689698754,0.8923427588382756,0.9097808275342448,0.9076868149835052,0.8923588309847951,0.8929934892116647,0.8994915573652561,0.8978093470653621,0.8879446423088033,0.9200604092171757,0.9108334503031779,0.8994959611805416,0.8976082901829683,0.9051609632614126,0.9099810077204904,0.9057898945411713
6,5,CSVs/AvNotA.csv,StandardScaler,accuracy,0.913138206835923,0.9127250865368882,0.9020176299944437,0.8990817414296689,0.9091474942877955,0.9112434926916446,0.9043208466476074,0.9183850216190406,0.91524543406756,0.9045381961214668,0.8944638565398639,0.9112494331514703,0.9095681074042531,0.899284114511657,0.8803758993945833,0.8713592477320375,0.8602305282920153,0.8453218245728141,0.8614758398162172,0.8736684122394067,0.8392408438029895,0.9103925835184562,0.8999145926032283,0.8866817215313931,0.8784968123475938,0.8883553483428519,0.9001061809823614,0.8862578105215702,0.9032636005427401,0.902647223995487,0.8908785584227819,0.8877479952496288,0.894869271433058,0.9028350689698754,0.8923427588382756,0.9091505754334046,0.9076868149835052,0.8923588309847951,0.8929934892116647,0.8994915573652561,0.8978093470653621,0.8879446423088033,0.9200604092171757,0.9106235867145106,0.8994959611805416,0.8976082901829683,0.9051609632614126,0.9099810077204904,0.9057898945411713
7,5,CSVs/AvNotA.csv,MaxAbsScaler,accuracy,0.9133482908695363,0.9127250865368882,0.9020176299944437,0.8990817414296689,0.9091474942877955,0.9112434926916446,0.9043208466476074,0.9183850216190406,0.91524543406756,0.9045381961214668,0.8944638565398639,0.9112494331514703,0.9095681074042531,0.899284114511657,0.8803758993945833,0.8713592477320375,0.8602305282920153,0.8453218245728141,0.8614758398162172,0.8736684122394067,0.8392408438029895,0.9103925835184562,0.8999145926032283,0.8866817215313931,0.8784968123475938,0.8883553483428519,0.9001061809823614,0.8862578105215702,0.9032638209876861,0.902647223995487,0.8910882020286518,0.8877479952496288,0.894869271433058,0.9028350689698754,0.8923427588382756,0.9093606594670179,0.9076868149835052,0.8923588309847951,0.8929934892116647,0.8994915573652561,0.8978093470653621,0.8879446423088033,0.9200604092171757,0.9106235867145106,0.8994959611805416,0.8976082901829683,0.9051609632614126,0.9099810077204904,0.9057898945411713
8,5,CSVs/AvNotA.csv,RobustScaler,accuracy,0.913138206835923,0.9129349501255557,0.9020176299944437,0.8990817414296689,0.9091474942877955,0.9112434926916446,0.9043208466476074,0.9183850216190406,0.91524543406756,0.9045381961214668,0.8944638565398639,0.9112494331514703,0.9095681074042531,0.899284114511657,0.8803758993945833,0.8713592477320375,0.8602305282920153,0.8453218245728141,0.8614758398162172,0.8736684122394067,0.8392408438029895,0.9103925835184562,0.8999145926032283,0.8866817215313931,0.8784968123475938,0.8883553483428519,0.9001061809823614,0.8862578105215702,0.9032636005427401,0.902647223995487,0.8908785584227819,0.8877479952496288,0.894869271433058,0.9028350689698754,0.8923427588382756,0.9091505754334046,0.9076868149835052,0.8923588309847951,0.8929934892116647,0.8994915573652561,0.8978093470653621,0.8879446423088033,0.9200604092171757,0.9108334503031779,0.8994959611805416,0.8976082901829683,0.9051609632614126,0.9099810077204904,0.9057898945411713
9,5,CSVs/AvNotA.csv,None,accuracy,0.9133482908695363,0.9127250865368882,0.9020176299944437,0.8990817414296689,0.9091474942877955,0.9112434926916446,0.9043208466476074,0.9183850216190406,0.91524543406756,0.9045381961214668,0.8944638565398639,0.9112494331514703,0.9095681074042531,0.899284114511657,0.8803758993945833,0.8713592477320375,0.8602305282920153,0.8453218245728141,0.8614758398162172,0.8736684122394067,0.8392408438029895,0.9103925835184562,0.8999145926032283,0.8866817215313931,0.8784968123475938,0.8883553483428519,0.9001061809823614,0.8862578105215702,0.903683768609967,0.902647223995487,0.8908785584227819,0.8877479952496288,0.894869271433058,0.9028350689698754,0.8923427588382756,0.9097808275342448,0.9076868149835052,0.8923588309847951,0.8929934892116647,0.8994915573652561,0.8978093470653621,0.8879446423088033,0.9200604092171757,0.9106235867145106,0.8994959611805416,0.8976082901829683,0.9051609632614126,0.9099810077204904,0.9057898945411713
10,5,CSVs/AvNotA.csv,MinMaxScaler,MCC,0.8358346367807595,0.8347721741255436,0.8158622354222658,0.8085588443917897,0.8291484032627597,0.8324407502838419,0.8195311414819754,0.8449183648655156,0.8390568232121215,0.8196647816908555,0.8016376106802309,0.8334560152932831,0.8296900726005442,0.8106990161545902,0.767852551001011,0.7495202083491466,0.7340895401684021,0.7054648072045618,0.7326963126057277,0.7584170243382108,0.6925535078129743,0.8295904011149424,0.8075657957553091,0.7864289647664078,0.773075738002596,0.7897462794301087,0.8093515184128801,0.7861111268191905,0.817629956571683,0.8158170027689653,0.79540361651089,0.7892985493760114,0.8018957317719803,0.8151635024968001,0.7975092719551264,0.8299249126695274,0.8246607945193926,0.7984045604374265,0.7971237675322765,0.8107477914108431,0.807577318337845,0.7910092739857297,0.8475512884772234,0.8311419550699846,0.8118889132467396,0.8058239261487753,0.8212207539319941,0.8289188970993682,0.8220162250677306
11,5,CSVs/AvNotA.csv,StandardScaler,MCC,0.8354650295430248,0.8343476870931237,0.8158622354222658,0.8085588443917897,0.8291484032627597,0.8324407502838419,0.8195311414819754,0.8449183648655156,0.8390568232121215,0.8196647816908555,0.801283635569005,0.8334560152932831,0.8296900726005442,0.8106990161545902,0.767852551001011,0.7495202083491466,0.7340895401684021,0.7054648072045618,0.7326963126057277,0.7584170243382108,0.6925535078129743,0.8295904011149424,0.8075657957553091,0.7864289647664078,0.773075738002596,0.7897462794301087,0.8093515184128801,0.7861111268191905,0.8173541574394072,0.8158170027689653,0.7950501961550366,0.7892985493760114,0.8018957317719803,0.8151635024968001,0.7975092719551264,0.8288471671568232,0.8246607945193926,0.7984045604374265,0.7971237675322765,0.8107477914108431,0.807577318337845,0.7910092739857297,0.8475512884772234,0.8307128193625137,0.8118889132467396,0.8058239261487753,0.8212207539319941,0.8289188970993682,0.8220162250677306
12,5,CSVs/AvNotA.csv,MaxAbsScaler,MCC,0.8358346367807595,0.8343476870931237,0.8158622354222658,0.8085588443917897,0.8291484032627597,0.8324407502838419,0.8195311414819754,0.8449183648655156,0.8390568232121215,0.8196647816908555,0.801283635569005,0.8334560152932831,0.8296900726005442,0.8106990161545902,0.767852551001011,0.7495202083491466,0.7340895401684021,0.7054648072045618,0.7326963126057277,0.7584170243382108,0.6925535078129743,0.8295904011149424,0.8075657957553091,0.7864289647664078,0.773075738002596,0.7897462794301087,0.8093515184128801,0.7861111268191905,0.8172812102660381,0.8158170027689653,0.79540361651089,0.7892985493760114,0.8018957317719803,0.8151635024968001,0.7975092719551264,0.8292058616152955,0.8246607945193926,0.7984045604374265,0.7971237675322765,0.8107477914108431,0.807577318337845,0.7910092739857297,0.8475512884772234,0.8307128193625137,0.8118889132467396,0.8058239261487753,0.8212207539319941,0.8289188970993682,0.8220162250677306
13,5,CSVs/AvNotA.csv,RobustScaler,MCC,0.8354650295430248,0.8347721741255436,0.8158622354222658,0.8085588443917897,0.8291484032627597,0.8324407502838419,0.8195311414819754,0.8449183648655156,0.8390568232121215,0.8196647816908555,0.801283635569005,0.8334560152932831,0.8296900726005442,0.8106990161545902,0.767852551001011,0.7495202083491466,0.7340895401684021,0.7054648072045618,0.7326963126057277,0.7584170243382108,0.6925535078129743,0.8295904011149424,0.8075657957553091,0.7864289647664078,0.773075738002596,0.7897462794301087,0.8093515184128801,0.7861111268191905,0.8173541574394072,0.8158170027689653,0.7950501961550366,0.7892985493760114,0.8018957317719803,0.8151635024968001,0.7975092719551264,0.8288471671568232,0.8246607945193926,0.7984045604374265,0.7971237675322765,0.8107477914108431,0.807577318337845,0.7910092739857297,0.8475512884772234,0.8311419550699846,0.8118889132467396,0.8058239261487753,0.8212207539319941,0.8289188970993682,0.8220162250677306
14,5,CSVs/AvNotA.csv,None,MCC,0.8358346367807595,0.8343476870931237,0.8158622354222658,0.8085588443917897,0.8291484032627597,0.8324407502838419,0.8195311414819754,0.8449183648655156,0.8390568232121215,0.8196647816908555,0.801283635569005,0.8334560152932831,0.8296900726005442,0.8106990161545902,0.767852551001011,0.7495202083491466,0.7340895401684021,0.7054648072045618,0.7326963126057277,0.7584170243382108,0.6925535078129743,0.8295904011149424,0.8075657957553091,0.7864289647664078,0.773075738002596,0.7897462794301087,0.8093515184128801,0.7861111268191905,0.8180511770700052,0.8158170027689653,0.7950501961550366,0.7892985493760114,0.8018957317719803,0.8151635024968001,0.7975092719551264,0.8299249126695274,0.8246607945193926,0.7984045604374265,0.7971237675322765,0.8107477914108431,0.807577318337845,0.7910092739857297,0.8475512884772234,0.8307128193625137,0.8118889132467396,0.8058239261487753,0.8212207539319941,0.8289188970993682,0.8220162250677306
15,5,CSVs/AvB.csv,MinMaxScaler,f1,0.9794332155762854,0.9777557188890796,0.9795004537458631,0.9784549880611572,0.9769664886956428,0.9753596907357558,0.9757348059439744,0.9794061703593948,0.9794935679675018,0.9791161453324942,0.978676049765876,0.977818001094786,0.9766178945852177,0.9770133115746938,0.9709502234387731,0.9581768134357145,0.9686661026419113,0.9675510407400919,0.968757163727146,0.9668566993524479,0.9630384353878716,0.9774089747374161,0.9757148612019659,0.9735780754650698,0.9754112357026855,0.9760040882240029,0.974043574577608,0.9744053291323042,0.9802426963608457,0.976575655384995,0.977560539157525,0.9771684706944832,0.9779586509166309,0.9772208016746488,0.9769820131815953,0.9804877931005157,0.9783467035347387,0.9779988908412272,0.9776259496724664,0.9754302383401807,0.9759461079698759,0.9765731765255943,0.9804949916188885,0.9775259773911111,0.9790582850766387,0.9782024200781508,0.9762915934086672,0.9761640267252097,0.9780432103103284
16,5,CSVs/AvB.csv,StandardScaler,f1,0.9794332155762854,0.9777557188890796,0.9795004537458631,0.9784549880611572,0.9769664886956428,0.9753596907357558,0.9757348059439744,0.9794061703593948,0.9794935679675018,0.9791161453324942,0.978676049765876,0.977818001094786,0.9766178945852177,0.9770133115746938,0.9709502234387731,0.9581768134357145,0.9686661026419113,0.9675510407400919,0.968757163727146,0.9668566993524479,0.9630384353878716,0.9774089747374161,0.9757148612019659,0.9735780754650698,0.9754112357026855,0.9760040882240029,0.974043574577608,0.9744053291323042,0.9802426963608457,0.976575655384995,0.977560539157525,0.9771684706944832,0.9779586509166309,0.9772208016746488,0.9769820131815953,0.9804877931005157,0.9783467035347387,0.9779988908412272,0.9776259496724664,0.9754302383401807,0.9759461079698759,0.9765731765255943,0.9804949916188885,0.9775259773911111,0.9790582850766387,0.9782024200781508,0.9762915934086672,0.9761640267252097,0.9780432103103284
17,5,CSVs/AvB.csv,MaxAbsScaler,f1,0.9794332155762854,0.9777557188890796,0.9795004537458631,0.9784549880611572,0.9769664886956428,0.9753596907357558,0.9757348059439744,0.9794061703593948,0.9794935679675018,0.9791161453324942,0.978676049765876,0.977818001094786,0.9766178945852177,0.9770133115746938,0.9709502234387731,0.9581768134357145,0.9686661026419113,0.9675510407400919,0.968757163727146,0.9668566993524479,0.9630384353878716,0.9774089747374161,0.9757148612019659,0.9735780754650698,0.9754112357026855,0.9760040882240029,0.974043574577608,0.9744053291323042,0.9802426963608457,0.976575655384995,0.977560539157525,0.9771684706944832,0.9779586509166309,0.9772208016746488,0.9769820131815953,0.9804877931005157,0.9783467035347387,0.9779988908412272,0.9776259496724664,0.9754302383401807,0.9759461079698759,0.9765731765255943,0.9804949916188885,0.9775259773911111,0.9790582850766387,0.9782024200781508,0.9762915934086672,0.9761640267252097,0.9780432103103284
18,5,CSVs/AvB.csv,RobustScaler,f1,0.9794332155762854,0.9777557188890796,0.9795004537458631,0.9784549880611572,0.9769664886956428,0.9753596907357558,0.9757348059439744,0.9794061703593948,0.9794935679675018,0.9791161453324942,0.978676049765876,0.977818001094786,0.9766178945852177,0.9770133115746938,0.9709502234387731,0.9581768134357145,0.9686661026419113,0.9675510407400919,0.968757163727146,0.9668566993524479,0.9630384353878716,0.9774089747374161,0.9757148612019659,0.9735780754650698,0.9754112357026855,0.9760040882240029,0.974043574577608,0.9744053291323042,0.9802426963608457,0.976575655384995,0.977560539157525,0.9771684706944832,0.9779586509166309,0.9772208016746488,0.9769820131815953,0.9804877931005157,0.9783467035347387,0.9779988908412272,0.9776259496724664,0.9754302383401807,0.9759461079698759,0.9765731765255943,0.9804949916188885,0.9775259773911111,0.9790582850766387,0.9782024200781508,0.9762915934086672,0.9761640267252097,0.9780432103103284
19,5,CSVs/AvB.csv,None,f1,0.9794332155762854,0.9777557188890796,0.9795004537458631,0.9784549880611572,0.9769664886956428,0.9753596907357558,0.9757348059439744,0.9794061703593948,0.9794935679675018,0.9791161453324942,0.978676049765876,0.977818001094786,0.9766178945852177,0.9770133115746938,0.9709502234387731,0.9581768134357145,0.9686661026419113,0.9675510407400919,0.968757163727146,0.9668566993524479,0.9630384353878716,0.9774089747374161,0.9757148612019659,0.9735780754650698,0.9754112357026855,0.9760040882240029,0.974043574577608,0.9744053291323042,0.9802426963608457,0.976575655384995,0.977560539157525,0.9771684706944832,0.9779586509166309,0.9772208016746488,0.9769820131815953,0.9804877931005157,0.9783467035347387,0.9779988908412272,0.9776259496724664,0.9754302383401807,0.9759461079698759,0.9765731765255943,0.9804949916188885,0.9775259773911111,0.9790582850766387,0.9782024200781508,0.9762915934086672,0.9761640267252097,0.9780432103103284
20,5,CSVs/AvB.csv,MinMaxScaler,accuracy,0.9623398224914208,0.9592002562523515,0.9623359702629066,0.9603728776275158,0.9576308493093391,0.9544928179307895,0.9552809778539076,0.9623405929371238,0.9623359762937929,0.9615501186614539,0.960765031474818,0.9591994827912057,0.956842689386221,0.9576308493093391,0.9478361459501581,0.9258745791289578,0.9435262395186028,0.9415616240844644,0.943525472088343,0.9399929845717118,0.9329433702054173,0.9588188615059018,0.9556739111932417,0.9517469343686555,0.9548826604409829,0.9560714370523622,0.9521475661341319,0.9529341821504014,0.9639115196634404,0.9572417712139624,0.9588050055450228,0.9580260789085665,0.9595977821114721,0.9580206918195326,0.9576323751235296,0.9643021416656659,0.9603782647165495,0.9595931684835841,0.9588065494518716,0.9548903588671254,0.9556708294104304,0.9568511401654076,0.9643006068051463,0.9588080933587204,0.9615547292738986,0.9599861018229182,0.9564574544730291,0.9560660590096577,0.9595939389292871
21,5,CSVs/AvB.csv,StandardScaler,accuracy,0.9623398224914208,0.9592002562523515,0.9623359702629066,0.9603728776275158,0.9576308493093391,0.9544928179307895,0.9552809778539076,0.9623405929371238,0.9623359762937929,0.9615501186614539,0.960765031474818,0.9591994827912057,0.956842689386221,0.9576308493093391,0.9478361459501581,0.9258745791289578,0.9435262395186028,0.9415616240844644,0.943525472088343,0.9399929845717118,0.9329433702054173,0.9588188615059018,0.9556739111932417,0.9517469343686555,0.9548826604409829,0.9560714370523622,0.9521475661341319,0.9529341821504014,0.9639115196634404,0.9572417712139624,0.9588050055450228,0.9580260789085665,0.9595977821114721,0.9580206918195326,0.9576323751235296,0.9643021416656659,0.9603782647165495,0.9595931684835841,0.9588065494518716,0.9548903588671254,0.9556708294104304,0.9568511401654076,0.9643006068051463,0.9588080933587204,0.9615547292738986,0.9599861018229182,0.9564574544730291,0.9560660590096577,0.9595939389292871
22,5,CSVs/AvB.csv,MaxAbsScaler,accuracy,0.9623398224914208,0.9592002562523515,0.9623359702629066,0.9603728776275158,0.9576308493093391,0.9544928179307895,0.9552809778539076,0.9623405929371238,0.9623359762937929,0.9615501186614539,0.960765031474818,0.9591994827912057,0.956842689386221,0.9576308493093391,0.9478361459501581,0.9258745791289578,0.9435262395186028,0.9415616240844644,0.943525472088343,0.9399929845717118,0.9329433702054173,0.9588188615059018,0.9556739111932417,0.9517469343686555,0.9548826604409829,0.9560714370523622,0.9521475661341319,0.9529341821504014,0.9639115196634404,0.9572417712139624,0.9588050055450228,0.9580260789085665,0.9595977821114721,0.9580206918195326,0.9576323751235296,0.9643021416656659,0.9603782647165495,0.9595931684835841,0.9588065494518716,0.9548903588671254,0.9556708294104304,0.9568511401654076,0.9643006068051463,0.9588080933587204,0.9615547292738986,0.9599861018229182,0.9564574544730291,0.9560660590096577,0.9595939389292871
23,5,CSVs/AvB.csv,RobustScaler,accuracy,0.9623398224914208,0.9592002562523515,0.9623359702629066,0.9603728776275158,0.9576308493093391,0.9544928179307895,0.9552809778539076,0.9623405929371238,0.9623359762937929,0.9615501186614539,0.960765031474818,0.9591994827912057,0.956842689386221,0.9576308493093391,0.9478361459501581,0.9258745791289578,0.9435262395186028,0.9415616240844644,0.943525472088343,0.9399929845717118,0.9329433702054173,0.9588188615059018,0.9556739111932417,0.9517469343686555,0.9548826604409829,0.9560714370523622,0.9521475661341319,0.9529341821504014,0.9639115196634404,0.9572417712139624,0.9588050055450228,0.9580260789085665,0.9595977821114721,0.9580206918195326,0.9576323751235296,0.9643021416656659,0.9603782647165495,0.9595931684835841,0.9588065494518716,0.9548903588671254,0.9556708294104304,0.9568511401654076,0.9643006068051463,0.9588080933587204,0.9615547292738986,0.9599861018229182,0.9564574544730291,0.9560660590096577,0.9595939389292871
24,5,CSVs/AvB.csv,None,accuracy,0.9623398224914208,0.9592002562523515,0.9623359702629066,0.9603728776275158,0.9576308493093391,0.9544928179307895,0.9552809778539076,0.9623405929371238,0.9623359762937929,0.9615501186614539,0.960765031474818,0.9591994827912057,0.956842689386221,0.9576308493093391,0.9478361459501581,0.9258745791289578,0.9435262395186028,0.9415616240844644,0.943525472088343,0.9399929845717118,0.9329433702054173,0.9588188615059018,0.9556739111932417,0.9517469343686555,0.9548826604409829,0.9560714370523622,0.9521475661341319,0.9529341821504014,0.9639115196634404,0.9572417712139624,0.9588050055450228,0.9580260789085665,0.9595977821114721,0.9580206918195326,0.9576323751235296,0.9643021416656659,0.9603782647165495,0.9595931684835841,0.9588065494518716,0.9548903588671254,0.9556708294104304,0.9568511401654076,0.9643006068051463,0.9588080933587204,0.9615547292738986,0.9599861018229182,0.9564574544730291,0.9560660590096577,0.9595939389292871
25,5,CSVs/AvB.csv,MinMaxScaler,MCC,0.7728273911218182,0.7491383720778332,0.7687849320980791,0.754913307746313,0.7371402541611053,0.7117441111127102,0.7204949180594606,0.7742800551432907,0.7693239449278383,0.7617076597438949,0.7565453523472122,0.7480182256929233,0.7273158172436375,0.73536089124781,0.7169984849759266,0.6247054313641447,0.6845413682288088,0.6762195289030013,0.6797480100326421,0.6530448082926523,0.6067535090743672,0.7568477312003471,0.733616836553825,0.7039045854705261,0.7182110677623381,0.7322938850561298,0.6978518478401922,0.7063382698196181,0.7847573695539475,0.743494116234009,0.7426066946615892,0.7403032592621601,0.7526256874526172,0.7344070712042395,0.7340590791209557,0.7857178139309452,0.759633892892794,0.7506778092832892,0.7435471628307393,0.7210652790628265,0.7218760695155864,0.7316388322828778,0.7856242875821591,0.7473079055953169,0.7653853937648605,0.75481816340633,0.7321272181647536,0.7252046646619291,0.7501333612112997
26,5,CSVs/AvB.csv,StandardScaler,MCC,0.7728273911218182,0.7491383720778332,0.7687849320980791,0.754913307746313,0.7371402541611053,0.7117441111127102,0.7204949180594606,0.7742800551432907,0.7693239449278383,0.7617076597438949,0.7565453523472122,0.7480182256929233,0.7273158172436375,0.73536089124781,0.7169984849759266,0.6247054313641447,0.6845413682288088,0.6762195289030013,0.6797480100326421,0.6530448082926523,0.6067535090743672,0.7568477312003471,0.733616836553825,0.7039045854705261,0.7182110677623381,0.7322938850561298,0.6978518478401922,0.7063382698196181,0.7847573695539475,0.743494116234009,0.7426066946615892,0.7403032592621601,0.7526256874526172,0.7344070712042395,0.7340590791209557,0.7857178139309452,0.759633892892794,0.7506778092832892,0.7435471628307393,0.7210652790628265,0.7218760695155864,0.7316388322828778,0.7856242875821591,0.7473079055953169,0.7653853937648605,0.75481816340633,0.7321272181647536,0.7252046646619291,0.7501333612112997
27,5,CSVs/AvB.csv,MaxAbsScaler,MCC,0.7728273911218182,0.7491383720778332,0.7687849320980791,0.754913307746313,0.7371402541611053,0.7117441111127102,0.7204949180594606,0.7742800551432907,0.7693239449278383,0.7617076597438949,0.7565453523472122,0.7480182256929233,0.7273158172436375,0.73536089124781,0.7169984849759266,0.6247054313641447,0.6845413682288088,0.6762195289030013,0.6797480100326421,0.6530448082926523,0.6067535090743672,0.7568477312003471,0.733616836553825,0.7039045854705261,0.7182110677623381,0.7322938850561298,0.6978518478401922,0.7063382698196181,0.7847573695539475,0.743494116234009,0.7426066946615892,0.7403032592621601,0.7526256874526172,0.7344070712042395,0.7340590791209557,0.7857178139309452,0.759633892892794,0.7506778092832892,0.7435471628307393,0.7210652790628265,0.7218760695155864,0.7316388322828778,0.7856242875821591,0.7473079055953169,0.7653853937648605,0.75481816340633,0.7321272181647536,0.7252046646619291,0.7501333612112997
28,5,CSVs/AvB.csv,RobustScaler,MCC,0.7728273911218182,0.7491383720778332,0.7687849320980791,0.754913307746313,0.7371402541611053,0.7117441111127102,0.7204949180594606,0.7742800551432907,0.7693239449278383,0.7617076597438949,0.7565453523472122,0.7480182256929233,0.7273158172436375,0.73536089124781,0.7169984849759266,0.6247054313641447,0.6845413682288088,0.6762195289030013,0.6797480100326421,0.6530448082926523,0.6067535090743672,0.7568477312003471,0.733616836553825,0.7039045854705261,0.7182110677623381,0.7322938850561298,0.6978518478401922,0.7063382698196181,0.7847573695539475,0.743494116234009,0.7426066946615892,0.7403032592621601,0.7526256874526172,0.7344070712042395,0.7340590791209557,0.7857178139309452,0.759633892892794,0.7506778092832892,0.7435471628307393,0.7210652790628265,0.7218760695155864,0.7316388322828778,0.7856242875821591,0.7473079055953169,0.7653853937648605,0.75481816340633,0.7321272181647536,0.7252046646619291,0.7501333612112997
29,5,CSVs/AvB.csv,None,MCC,0.7728273911218182,0.7491383720778332,0.7687849320980791,0.754913307746313,0.7371402541611053,0.7117441111127102,0.7204949180594606,0.7742800551432907,0.7693239449278383,0.7617076597438949,0.7565453523472122,0.7480182256929233,0.7273158172436375,0.73536089124781,0.7169984849759266,0.6247054313641447,0.6845413682288088,0.6762195289030013,0.6797480100326421,0.6530448082926523,0.6067535090743672,0.7568477312003471,0.733616836553825,0.7039045854705261,0.7182110677623381,0.7322938850561298,0.6978518478401922,0.7063382698196181,0.7847573695539475,0.743494116234009,0.7426066946615892,0.7403032592621601,0.7526256874526172,0.7344070712042395,0.7340590791209557,0.7857178139309452,0.759633892892794,0.7506778092832892,0.7435471628307393,0.7210652790628265,0.7218760695155864,0.7316388322828778,0.7856242875821591,0.7473079055953169,0.7653853937648605,0.75481816340633,0.7321272181647536,0.7252046646619291,0.7501333612112997
30,5,CSVs/AvC.csv,MinMaxScaler,f1,0.9726413482758277,0.9720343127071709,0.9709970736661745,0.9709680525381419,0.9673559628649562,0.9652851844861884,0.9658638556829473,0.9715871531053942,0.9715647850376549,0.9716901300752255,0.9709856955376083,0.9671514589117611,0.9650452157197893,0.9658287169842469,0.94846226757407,0.9506849801681325,0.9484356280052765,0.9480376753300435,0.9517280623732505,0.9413708493915977,0.9413255868809223,0.9691140547491743,0.9680281604334031,0.9658281833224016,0.9640430648522369,0.9607476861629154,0.9539894074890553,0.9564285585910273,0.9671276458997904,0.9731249629493599,0.9643708877435744,0.9658425950601071,0.9610428076270502,0.9580679353786927,0.9605988948272532,0.9708998723952369,0.9715993842716861,0.9671560926704637,0.9676141617390387,0.9646996218123632,0.9634617182718822,0.9622532138357476,0.9725522121441366,0.9731393123109928,0.9719279033434208,0.9707706461611384,0.9699496285843751,0.967082914386015,0.9647012165317272
31,5,CSVs/AvC.csv,StandardScaler,f1,0.9726413482758277,0.9720343127071709,0.9709970736661745,0.9709680525381419,0.9673559628649562,0.96551437351889,0.9658638556829473,0.9715871531053942,0.9717967283736485,0.9716901300752255,0.9709856955376083,0.9669184967681096,0.9650452157197893,0.9662544774595647,0.94846226757407,0.9506849801681325,0.9484356280052765,0.9480376753300435,0.9517280623732505,0.9413708493915977,0.9413255868809223,0.9691140547491743,0.9680281604334031,0.9658281833224016,0.9640430648522369,0.9609662317860617,0.9542079470865703,0.9564285585910273,0.9671276458997904,0.9731249629493599,0.9643708877435744,0.9658425950601071,0.9610428076270502,0.9585157440168557,0.9605988948272532,0.9708998723952369,0.9715993842716861,0.9671560926704637,0.9676141617390387,0.9646996218123632,0.9636935152138323,0.9622532138357476,0.9725522121441366,0.9731393123109928,0.9719279033434208,0.9707706461611384,0.9699496285843751,0.967082914386015,0.9647012165317272
32,5,CSVs/AvC.csv,MaxAbsScaler,f1,0.9726413482758277,0.9720343127071709,0.9709970736661745,0.9709680525381419,0.9673559628649562,0.9652851844861884,0.9658638556829473,0.9715871531053942,0.9715647850376549,0.9716901300752255,0.9709856955376083,0.9671514589117611,0.9650452157197893,0.9658287169842469,0.94846226757407,0.9506849801681325,0.9484356280052765,0.9480376753300435,0.9517280623732505,0.9413708493915977,0.9413255868809223,0.9691140547491743,0.9680281604334031,0.9658281833224016,0.9640430648522369,0.9609662317860617,0.9542079470865703,0.9564285585910273,0.9671276458997904,0.9731249629493599,0.9643708877435744,0.9658425950601071,0.9610428076270502,0.9582864749762079,0.9605988948272532,0.9708998723952369,0.9715993842716861,0.9671560926704637,0.9676141617390387,0.9646996218123632,0.9634617182718822,0.9622532138357476,0.9725522121441366,0.9731393123109928,0.9719279033434208,0.9707706461611384,0.9699496285843751,0.967082914386015,0.9647012165317272
33,5,CSVs/AvC.csv,RobustScaler,f1,0.9726413482758277,0.9720343127071709,0.9709970736661745,0.9709680525381419,0.9673559628649562,0.9652851844861884,0.9658638556829473,0.9715871531053942,0.9715647850376549,0.9716901300752255,0.9709856955376083,0.9671514589117611,0.9650452157197893,0.9658287169842469,0.94846226757407,0.9506849801681325,0.9484356280052765,0.9480376753300435,0.9517280623732505,0.9413708493915977,0.9413255868809223,0.9691140547491743,0.9680281604334031,0.9658281833224016,0.9640430648522369,0.9609662317860617,0.9542079470865703,0.9564285585910273,0.9671276458997904,0.9731249629493599,0.9643708877435744,0.9658425950601071,0.9610428076270502,0.9582864749762079,0.9605988948272532,0.9711312985777502,0.9715993842716861,0.9671560926704637,0.9676141617390387,0.9646996218123632,0.9634617182718822,0.9622532138357476,0.9725522121441366,0.9731393123109928,0.9719279033434208,0.9707706461611384,0.9699496285843751,0.967082914386015,0.9647012165317272
34,5,CSVs/AvC.csv,None,f1,0.9726413482758277,0.9720343127071709,0.9709970736661745,0.9709680525381419,0.9673559628649562,0.96551437351889,0.9658638556829473,0.9715871531053942,0.9715647850376549,0.9716901300752255,0.9709856955376083,0.9671514589117611,0.9650452157197893,0.9658287169842469,0.94846226757407,0.9506849801681325,0.9484356280052765,0.9480376753300435,0.9517280623732505,0.9413708493915977,0.9413255868809223,0.9691140547491743,0.9680281604334031,0.9658281833224016,0.9640430648522369,0.9609662317860617,0.9542079470865703,0.9564285585910273,0.9671276458997904,0.9731249629493599,0.9643708877435744,0.9658425950601071,0.9610428076270502,0.9585157440168557,0.9605988948272532,0.9711312985777502,0.9715993842716861,0.9671560926704637,0.9676141617390387,0.9646996218123632,0.9636935152138323,0.9622532138357476,0.9725522121441366,0.9731393123109928,0.9719279033434208,0.9707706461611384,0.9699496285843751,0.967082914386015,0.9647012165317272
35,5,CSVs/AvC.csv,MinMaxScaler,accuracy,0.9673990136745761,0.9668828990924091,0.9656011803480545,0.9656008495026616,0.9612359478496275,0.9589262806234007,0.9594387694446764,0.9661159740871058,0.9663694202734103,0.9663710685773115,0.9656005203495726,0.9609795384393693,0.9586702003662314,0.9594414052078448,0.9404341046938669,0.941975854378612,0.939926880629713,0.9391563324019738,0.9435222206681232,0.9317112212180373,0.9314525060438514,0.9638040019431031,0.9622609297229385,0.9596948505479975,0.9578940472283067,0.9543013446453689,0.9466017955851009,0.9486576874719341,0.9609808525132699,0.9681656078344865,0.9581577081603481,0.9596941905495155,0.9543013454915208,0.9509634023226361,0.9532780085375034,0.9656011778095988,0.9663704077326777,0.9612402293782416,0.9617510732802238,0.958411481807438,0.956872363655102,0.9553325829658285,0.967397696216068,0.968167584445325,0.9666281388322038,0.9653434500946803,0.9643168216097718,0.9609782192885572,0.9581560598564469
36,5,CSVs/AvC.csv,StandardScaler,accuracy,0.9673990136745761,0.9668828990924091,0.9656011803480545,0.9656008495026616,0.9612359478496275,0.959182690879811,0.9594387694446764,0.9661159740871058,0.9666261596829095,0.9663710685773115,0.9656005203495726,0.96072279902987,0.9586702003662314,0.9599548840268437,0.9404341046938669,0.941975854378612,0.939926880629713,0.9391563324019738,0.9435222206681232,0.9317112212180373,0.9314525060438514,0.9638040019431031,0.9622609297229385,0.9596948505479975,0.9578940472283067,0.9545584140541093,0.9468588649938413,0.9486576874719341,0.9609808525132699,0.9681656078344865,0.9581577081603481,0.9596941905495155,0.9543013454915208,0.9514768819877867,0.9532780085375034,0.9656011778095988,0.9663704077326777,0.9612402293782416,0.9617510732802238,0.958411481807438,0.9571287739115123,0.9553325829658285,0.967397696216068,0.968167584445325,0.9666281388322038,0.9653434500946803,0.9643168216097718,0.9609782192885572,0.9581560598564469
37,5,CSVs/AvC.csv,MaxAbsScaler,accuracy,0.9673990136745761,0.9668828990924091,0.9656011803480545,0.9656008495026616,0.9612359478496275,0.9589262806234007,0.9594387694446764,0.9661159740871058,0.9663694202734103,0.9663710685773115,0.9656005203495726,0.9609795384393693,0.9586702003662314,0.9594414052078448,0.9404341046938669,0.941975854378612,0.939926880629713,0.9391563324019738,0.9435222206681232,0.9317112212180373,0.9314525060438514,0.9638040019431031,0.9622609297229385,0.9596948505479975,0.9578940472283067,0.9545584140541093,0.9468588649938413,0.9486576874719341,0.9609808525132699,0.9681656078344865,0.9581577081603481,0.9596941905495155,0.9543013454915208,0.9512204717313765,0.9532780085375034,0.9656011778095988,0.9663704077326777,0.9612402293782416,0.9617510732802238,0.958411481807438,0.956872363655102,0.9553325829658285,0.967397696216068,0.968167584445325,0.9666281388322038,0.9653434500946803,0.9643168216097718,0.9609782192885572,0.9581560598564469
38,5,CSVs/AvC.csv,RobustScaler,accuracy,0.9673990136745761,0.9668828990924091,0.9656011803480545,0.9656008495026616,0.9612359478496275,0.9589262806234007,0.9594387694446764,0.9661159740871058,0.9663694202734103,0.9663710685773115,0.9656005203495726,0.9609795384393693,0.9586702003662314,0.9594414052078448,0.9404341046938669,0.941975854378612,0.939926880629713,0.9391563324019738,0.9435222206681232,0.9317112212180373,0.9314525060438514,0.9638040019431031,0.9622609297229385,0.9596948505479975,0.9578940472283067,0.9545584140541093,0.9468588649938413,0.9486576874719341,0.9609808525132699,0.9681656078344865,0.9581577081603481,0.9596941905495155,0.9543013454915208,0.9512204717313765,0.9532780085375034,0.9658579172190981,0.9663704077326777,0.9612402293782416,0.9617510732802238,0.958411481807438,0.956872363655102,0.9553325829658285,0.967397696216068,0.968167584445325,0.9666281388322038,0.9653434500946803,0.9643168216097718,0.9609782192885572,0.9581560598564469
39,5,CSVs/AvC.csv,None,accuracy,0.9673990136745761,0.9668828990924091,0.9656011803480545,0.9656008495026616,0.9612359478496275,0.959182690879811,0.9594387694446764,0.9661159740871058,0.9663694202734103,0.9663710685773115,0.9656005203495726,0.9609795384393693,0.9586702003662314,0.9594414052078448,0.9404341046938669,0.941975854378612,0.939926880629713,0.9391563324019738,0.9435222206681232,0.9317112212180373,0.9314525060438514,0.9638040019431031,0.9622609297229385,0.9596948505479975,0.9578940472283067,0.9545584140541093,0.9468588649938413,0.9486576874719341,0.9609808525132699,0.9681656078344865,0.9581577081603481,0.9596941905495155,0.9543013454915208,0.9514768819877867,0.9532780085375034,0.9658579172190981,0.9663704077326777,0.9612402293782416,0.9617510732802238,0.958411481807438,0.9571287739115123,0.9553325829658285,0.967397696216068,0.968167584445325,0.9666281388322038,0.9653434500946803,0.9643168216097718,0.9609782192885572,0.9581560598564469
40,5,CSVs/AvC.csv,MinMaxScaler,MCC,0.9333551606307336,0.9325614799549081,0.9297920944672345,0.9298004002300457,0.9210348919883703,0.9163709443201844,0.9172646468665899,0.9306462022008615,0.9314955962421388,0.9313181427506659,0.9296826416201419,0.9204760343684197,0.9161666198210565,0.917260841969353,0.8812299620535924,0.8810593451556308,0.8781279356130577,0.8757949858120156,0.8847124981053767,0.8622291088990913,0.8621811087671126,0.926859704904983,0.923057508048599,0.918125668872525,0.9145241368294752,0.9080295568338445,0.892869059232984,0.8954900697179099,0.9202783074177627,0.9352815147510455,0.9151490386030353,0.9175650760592055,0.9075185316179908,0.9012356404921738,0.9047011639200525,0.9299457720530206,0.9315101249597066,0.9209053505723575,0.9217663789655042,0.915669791069976,0.9124301598544478,0.9091957339342246,0.9335131575165064,0.9350585833853554,0.9317936846181969,0.9291502781710032,0.9272754143067623,0.9205993362013667,0.9145986105859876
41,5,CSVs/AvC.csv,StandardScaler,MCC,0.9333551606307336,0.9325614799549081,0.9297920944672345,0.9298004002300457,0.9210348919883703,0.916876953148515,0.9172646468665899,0.9306462022008615,0.9319847737017796,0.9313181427506659,0.9296826416201419,0.9199887182302676,0.9161666198210565,0.918372289741861,0.8812299620535924,0.8810593451556308,0.8781279356130577,0.8757949858120156,0.8847124981053767,0.8622291088990913,0.8621811087671126,0.926859704904983,0.923057508048599,0.918125668872525,0.9145241368294752,0.9085720442392236,0.8934129490924603,0.8954900697179099,0.9202783074177627,0.9352815147510455,0.9151490386030353,0.9175650760592055,0.9075185316179908,0.9022806506045613,0.9047011639200525,0.9299457720530206,0.9315101249597066,0.9209053505723575,0.9217663789655042,0.915669791069976,0.9129245184265183,0.9091957339342246,0.9335131575165064,0.9350585833853554,0.9317936846181969,0.9291502781710032,0.9272754143067623,0.9205993362013667,0.9145986105859876
42,5,CSVs/AvC.csv,MaxAbsScaler,MCC,0.9333551606307336,0.9325614799549081,0.9297920944672345,0.9298004002300457,0.9210348919883703,0.9163709443201844,0.9172646468665899,0.9306462022008615,0.9314955962421388,0.9313181427506659,0.9296826416201419,0.9204760343684197,0.9161666198210565,0.917260841969353,0.8812299620535924,0.8810593451556308,0.8781279356130577,0.8757949858120156,0.8847124981053767,0.8622291088990913,0.8621811087671126,0.926859704904983,0.923057508048599,0.918125668872525,0.9145241368294752,0.9085720442392236,0.8934129490924603,0.8954900697179099,0.9202783074177627,0.9352815147510455,0.9151490386030353,0.9175650760592055,0.9075185316179908,0.90177953035165,0.9047011639200525,0.9299457720530206,0.9315101249597066,0.9209053505723575,0.9217663789655042,0.915669791069976,0.9124301598544478,0.9091957339342246,0.9335131575165064,0.9350585833853554,0.9317936846181969,0.9291502781710032,0.9272754143067623,0.9205993362013667,0.9145986105859876
43,5,CSVs/AvC.csv,RobustScaler,MCC,0.9333551606307336,0.9325614799549081,0.9297920944672345,0.9298004002300457,0.9210348919883703,0.9163709443201844,0.9172646468665899,0.9306462022008615,0.9314955962421388,0.9313181427506659,0.9296826416201419,0.9204760343684197,0.9161666198210565,0.917260841969353,0.8812299620535924,0.8810593451556308,0.8781279356130577,0.8757949858120156,0.8847124981053767,0.8622291088990913,0.8621811087671126,0.926859704904983,0.923057508048599,0.918125668872525,0.9145241368294752,0.9085720442392236,0.8934129490924603,0.8954900697179099,0.9202783074177627,0.9352815147510455,0.9151490386030353,0.9175650760592055,0.9075185316179908,0.90177953035165,0.9047011639200525,0.9304365002176083,0.9315101249597066,0.9209053505723575,0.9217663789655042,0.915669791069976,0.9124301598544478,0.9091957339342246,0.9335131575165064,0.9350585833853554,0.9317936846181969,0.9291502781710032,0.9272754143067623,0.9205993362013667,0.9145986105859876
44,5,CSVs/AvC.csv,None,MCC,0.9333551606307336,0.9325614799549081,0.9297920944672345,0.9298004002300457,0.9210348919883703,0.916876953148515,0.9172646468665899,0.9306462022008615,0.9314955962421388,0.9313181427506659,0.9296826416201419,0.9204760343684197,0.9161666198210565,0.917260841969353,0.8812299620535924,0.8810593451556308,0.8781279356130577,0.8757949858120156,0.8847124981053767,0.8622291088990913,0.8621811087671126,0.926859704904983,0.923057508048599,0.918125668872525,0.9145241368294752,0.9085720442392236,0.8934129490924603,0.8954900697179099,0.9202783074177627,0.9352815147510455,0.9151490386030353,0.9175650760592055,0.9075185316179908,0.9022806506045613,0.9047011639200525,0.9304365002176083,0.9315101249597066,0.9209053505723575,0.9217663789655042,0.915669791069976,0.9129245184265183,0.9091957339342246,0.9335131575165064,0.9350585833853554,0.9317936846181969,0.9291502781710032,0.9272754143067623,0.9205993362013667,0.9145986105859876
45,5,CSVs/AvD.csv,MinMaxScaler,f1,0.9889552094680845,0.9879224622068644,0.9829639783543476,0.9846869745067959,0.9853648216663811,0.9827568380416908,0.9816710294761887,0.9908974712244921,0.9891841333975787,0.9851145844006963,0.9855814408997489,0.9866427689962729,0.9834143121029564,0.9825494336993179,0.9654907899904043,0.9611237325058302,0.9553818221182986,0.9480623963334012,0.953500096410379,0.9495858286613761,0.9431388288798713,0.9846329093586501,0.9832501810634909,0.9786848509120677,0.9814856066622533,0.9813153524064164,0.9781231143866945,0.9759588105745118,0.98912966454397,0.9835023637482694,0.9830283166579878,0.9828886172546861,0.982860140997861,0.9813841914133679,0.9813432256997136,0.9895785953365431,0.9851047706481241,0.981209615973101,0.982540140646005,0.9823254069559597,0.9822794219998423,0.9811924748702815,0.9880885786841811,0.986836079141435,0.980566699498565,0.9844745340043571,0.9821422233117353,0.9812287300890581,0.9810225758247988
46,5,CSVs/AvD.csv,StandardScaler,f1,0.9889552094680845,0.9879224622068644,0.9829639783543476,0.9846869745067959,0.9853648216663811,0.9827568380416908,0.9816710294761887,0.9908974712244921,0.9891841333975787,0.9851145844006963,0.9855814408997489,0.9866427689962729,0.9834143121029564,0.9825494336993179,0.9654907899904043,0.9611237325058302,0.9553818221182986,0.9480623963334012,0.953500096410379,0.9495858286613761,0.9431388288798713,0.9846329093586501,0.9832501810634909,0.9786848509120677,0.9814856066622533,0.9813153524064164,0.9781231143866945,0.9759588105745118,0.98912966454397,0.9835023637482694,0.9832449983062823,0.9828886172546861,0.982860140997861,0.9813841914133679,0.9813432256997136,0.9895785953365431,0.9853209838088638,0.9814262976213953,0.982540140646005,0.9823254069559597,0.9822794219998423,0.9811924748702815,0.9880885786841811,0.986836079141435,0.980566699498565,0.9844745340043571,0.9821422233117353,0.9812287300890581,0.9810225758247988
47,5,CSVs/AvD.csv,MaxAbsScaler,f1,0.9889552094680845,0.9879224622068644,0.9829639783543476,0.9846869745067959,0.9853648216663811,0.9827568380416908,0.9816710294761887,0.9908974712244921,0.9891841333975787,0.9851145844006963,0.9853716594983816,0.9866427689962729,0.9834143121029564,0.9825494336993179,0.9654907899904043,0.9611237325058302,0.9553818221182986,0.9480623963334012,0.953500096410379,0.9495858286613761,0.9431388288798713,0.9846329093586501,0.9832501810634909,0.9786848509120677,0.9812749511996792,0.9813153524064164,0.9781231143866945,0.9759588105745118,0.98912966454397,0.9835023637482694,0.9830283166579878,0.98267930420085,0.982860140997861,0.9813841914133679,0.9813432256997136,0.9895785953365431,0.9851047706481241,0.981209615973101,0.9823316996978262,0.9823254069559597,0.9822794219998423,0.9811924748702815,0.9883071349027374,0.986836079141435,0.980566699498565,0.9844745340043571,0.9821422233117353,0.9812287300890581,0.9810225758247988
48,5,CSVs/AvD.csv,RobustScaler,f1,0.9889552094680845,0.9879224622068644,0.9829639783543476,0.9846869745067959,0.9853648216663811,0.9827568380416908,0.9816710294761887,0.9908974712244921,0.9891841333975787,0.9851145844006963,0.9853716594983816,0.9866427689962729,0.9834143121029564,0.9825494336993179,0.9652800055276511,0.960910889027045,0.9551691698538246,0.9478567676563607,0.953500096410379,0.9495858286613761,0.9431388288798713,0.9844199848904326,0.9830354465272599,0.9784706862882583,0.9812749511996792,0.9813153524064164,0.9781231143866945,0.9757454406544663,0.9889149116413382,0.9835023637482694,0.9830303744859782,0.98267930420085,0.982860140997861,0.9813841914133679,0.9813432256997136,0.9893651755169248,0.9853209838088638,0.9814262976213953,0.9823316996978262,0.982111580967549,0.9822794219998423,0.9811924748702815,0.9880885786841811,0.986836079141435,0.980566699498565,0.9844745340043571,0.9821422233117353,0.9812287300890581,0.9810225758247988
49,5,CSVs/AvD.csv,None,f1,0.9889552094680845,0.9879224622068644,0.9829639783543476,0.9846869745067959,0.9853648216663811,0.9827568380416908,0.9816710294761887,0.9908974712244921,0.9891841333975787,0.9851145844006963,0.9855814408997489,0.9866427689962729,0.9834143121029564,0.9825494336993179,0.9654907899904043,0.9611237325058302,0.9553818221182986,0.9480623963334012,0.953500096410379,0.9495858286613761,0.9431388288798713,0.9846329093586501,0.9832501810634909,0.9786848509120677,0.9814856066622533,0.9813153524064164,0.9781231143866945,0.9759588105745118,0.98912966454397,0.9835023637482694,0.9832449983062823,0.9828886172546861,0.982860140997861,0.9813841914133679,0.9813432256997136,0.9895785953365431,0.9853209838088638,0.9814262976213953,0.982540140646005,0.9823254069559597,0.9822794219998423,0.9811924748702815,0.9880885786841811,0.986836079141435,0.980566699498565,0.9844745340043571,0.9821422233117353,0.9812287300890581,0.9810225758247988
50,5,CSVs/AvD.csv,MinMaxScaler,accuracy,0.9824871722449748,0.9807618980370005,0.9728734171256415,0.9756119662947796,0.976654662712423,0.9725309513722168,0.9708127383137976,0.9855752483170928,0.9828249305653628,0.9763098432424799,0.9769959516075885,0.9787153415242669,0.9735607023490092,0.972188485618792,0.9460822388551524,0.9395518523749,0.9309772630984325,0.9206691616061763,0.9295791554865133,0.9216871440003767,0.9124146777762085,0.9756166737278162,0.9735548180577132,0.9663524455114626,0.9708045003059832,0.9704679188438545,0.9653191639598926,0.9618874452760909,0.9828272842818813,0.9738961069528786,0.9732064680129927,0.9728628254013089,0.9728651791178271,0.9704585039777811,0.9704596808360402,0.983514569505249,0.9762992515181473,0.9701289836652073,0.9721802476109778,0.9718471967236265,0.9718342512827756,0.9701230993739115,0.981109071223462,0.9790483924116181,0.9690968789718966,0.9752659699665773,0.9715000235371652,0.9701254530904299,0.9697794567622277
51,5,CSVs/AvD.csv,StandardScaler,accuracy,0.9824871722449748,0.9807618980370005,0.9728734171256415,0.9756119662947796,0.976654662712423,0.9725309513722168,0.9708127383137976,0.9855752483170928,0.9828249305653628,0.9763098432424799,0.9769959516075885,0.9787153415242669,0.9735607023490092,0.972188485618792,0.9460822388551524,0.9395518523749,0.9309772630984325,0.9206691616061763,0.9295791554865133,0.9216871440003767,0.9124146777762085,0.9756166737278162,0.9735548180577132,0.9663524455114626,0.9708045003059832,0.9704679188438545,0.9653191639598926,0.9618874452760909,0.9828272842818813,0.9738961069528786,0.9735501106246766,0.9728628254013089,0.9728651791178271,0.9704585039777811,0.9704596808360402,0.983514569505249,0.9766428941298312,0.9704726262768911,0.9721802476109778,0.9718471967236265,0.9718342512827756,0.9701230993739115,0.981109071223462,0.9790483924116181,0.9690968789718966,0.9752659699665773,0.9715000235371652,0.9701254530904299,0.9697794567622277
52,5,CSVs/AvD.csv,MaxAbsScaler,accuracy,0.9824871722449748,0.9807618980370005,0.9728734171256415,0.9756119662947796,0.976654662712423,0.9725309513722168,0.9708127383137976,0.9855752483170928,0.9828249305653628,0.9763098432424799,0.9766523089959046,0.9787153415242669,0.9735607023490092,0.972188485618792,0.9460822388551524,0.9395518523749,0.9309772630984325,0.9206691616061763,0.9295791554865133,0.9216871440003767,0.9124146777762085,0.9756166737278162,0.9735548180577132,0.9663524455114626,0.9704608576942994,0.9704679188438545,0.9653191639598926,0.9618874452760909,0.9828272842818813,0.9738961069528786,0.9732064680129927,0.972519182789625,0.9728651791178271,0.9704585039777811,0.9704596808360402,0.983514569505249,0.9762992515181473,0.9701289836652073,0.9718366049992939,0.9718471967236265,0.9718342512827756,0.9701230993739115,0.9814527138351459,0.9790483924116181,0.9690968789718966,0.9752659699665773,0.9715000235371652,0.9701254530904299,0.9697794567622277
53,5,CSVs/AvD.csv,RobustScaler,accuracy,0.9824871722449748,0.9807618980370005,0.9728734171256415,0.9756119662947796,0.976654662712423,0.9725309513722168,0.9708127383137976,0.9855752483170928,0.9828249305653628,0.9763098432424799,0.9766523089959046,0.9787153415242669,0.9735607023490092,0.972188485618792,0.9457385962434686,0.9392082097632162,0.9306336204867487,0.9203255189944924,0.9295791554865133,0.9216871440003767,0.9124146777762085,0.9752730311161324,0.9732111754460293,0.9660088028997788,0.9704608576942994,0.9704679188438545,0.9653191639598926,0.9615438026644071,0.9824836416701974,0.9738961069528786,0.9732064680129925,0.972519182789625,0.9728651791178271,0.9704585039777811,0.9704596808360402,0.9831709268935651,0.9766428941298312,0.9704726262768911,0.9718366049992939,0.9715035541119427,0.9718342512827756,0.9701230993739115,0.981109071223462,0.9790483924116181,0.9690968789718966,0.9752659699665773,0.9715000235371652,0.9701254530904299,0.9697794567622277
54,5,CSVs/AvD.csv,None,accuracy,0.9824871722449748,0.9807618980370005,0.9728734171256415,0.9756119662947796,0.976654662712423,0.9725309513722168,0.9708127383137976,0.9855752483170928,0.9828249305653628,0.9763098432424799,0.9769959516075885,0.9787153415242669,0.9735607023490092,0.972188485618792,0.9460822388551524,0.9395518523749,0.9309772630984325,0.9206691616061763,0.9295791554865133,0.9216871440003767,0.9124146777762085,0.9756166737278162,0.9735548180577132,0.9663524455114626,0.9708045003059832,0.9704679188438545,0.9653191639598926,0.9618874452760909,0.9828272842818813,0.9738961069528786,0.9735501106246766,0.9728628254013089,0.9728651791178271,0.9704585039777811,0.9704596808360402,0.983514569505249,0.9766428941298312,0.9704726262768911,0.9721802476109778,0.9718471967236265,0.9718342512827756,0.9701230993739115,0.981109071223462,0.9790483924116181,0.9690968789718966,0.9752659699665773,0.9715000235371652,0.9701254530904299,0.9697794567622277
55,5,CSVs/AvD.csv,MinMaxScaler,MCC,0.9473235779138575,0.9417408391122765,0.9180243975848242,0.9259621304917799,0.9293687292072242,0.9167586414078915,0.9116017386352315,0.9566617597015921,0.9481281756272419,0.9283982119740267,0.9302004864483155,0.935648933648031,0.9196641894839741,0.9156503652389343,0.8440539999157968,0.8280087707136321,0.8073915292595372,0.7846180570448003,0.813966643266998,0.7776087703234549,0.7556919526340404,0.9261823662881404,0.9208258533341975,0.8998663592297176,0.9130532022541675,0.9114225611276732,0.8956604488207823,0.8849032746764717,0.9485621319705437,0.9216820253830658,0.920639369720932,0.9181659146090115,0.9187661228828847,0.9108027021262952,0.9110545503780818,0.9505014116226935,0.9282653144139665,0.9100110072754948,0.9155236858842274,0.9147583961576192,0.9147652796154775,0.909706355708467,0.9428765151670289,0.9365901539099036,0.9066938685440368,0.9248210939900584,0.9136109121771405,0.9093276341540735,0.9082642505547321
56,5,CSVs/AvD.csv,StandardScaler,MCC,0.9473235779138575,0.9417408391122765,0.9180243975848242,0.9259621304917799,0.9293687292072242,0.9167586414078915,0.9116017386352315,0.9566617597015921,0.9481281756272419,0.9283982119740267,0.9302004864483155,0.935648933648031,0.9196641894839741,0.9156503652389343,0.8440539999157968,0.8280087707136321,0.8073915292595372,0.7846180570448003,0.813966643266998,0.7776087703234549,0.7556919526340404,0.9261823662881404,0.9208258533341975,0.8998663592297176,0.9130532022541675,0.9114225611276732,0.8956604488207823,0.8849032746764717,0.9485621319705437,0.9216820253830658,0.921677798983515,0.9181659146090115,0.9187661228828847,0.9108027021262952,0.9110545503780818,0.9505014116226935,0.9292993273926425,0.9110494365380777,0.9155236858842274,0.9147583961576192,0.9147652796154775,0.909706355708467,0.9428765151670289,0.9365901539099036,0.9066938685440368,0.9248210939900584,0.9136109121771405,0.9093276341540735,0.9082642505547321
57,5,CSVs/AvD.csv,MaxAbsScaler,MCC,0.9473235779138575,0.9417408391122765,0.9180243975848242,0.9259621304917799,0.9293687292072242,0.9167586414078915,0.9116017386352315,0.9566617597015921,0.9481281756272419,0.9283982119740267,0.9291418589352218,0.935648933648031,0.9196641894839741,0.9156503652389343,0.8440539999157968,0.8280087707136321,0.8073915292595372,0.7846180570448003,0.813966643266998,0.7776087703234549,0.7556919526340404,0.9261823662881404,0.9208258533341975,0.8998663592297176,0.9119806491126369,0.9114225611276732,0.8956604488207823,0.8849032746764717,0.9485621319705437,0.9216820253830658,0.920639369720932,0.9170933996794253,0.9187661228828847,0.9108027021262952,0.9110545503780818,0.9505014116226935,0.9282653144139665,0.9100110072754948,0.9144595441914708,0.9147583961576192,0.9147652796154775,0.909706355708467,0.9439328794019477,0.9365901539099036,0.9066938685440368,0.9248210939900584,0.9136109121771405,0.9093276341540735,0.9082642505547321
58,5,CSVs/AvD.csv,RobustScaler,MCC,0.9473235779138575,0.9417408391122765,0.9180243975848242,0.9259621304917799,0.9293687292072242,0.9167586414078915,0.9116017386352315,0.9566617597015921,0.9481281756272419,0.9283982119740267,0.9291418589352218,0.935648933648031,0.9196641894839741,0.9156503652389343,0.8428571366491378,0.826804093863244,0.8061658564502932,0.7833590173493179,0.813966643266998,0.7776087703234549,0.7556919526340404,0.9251079679427502,0.9197309713786781,0.8987402718607072,0.9119806491126369,0.9114225611276732,0.8956604488207823,0.8838209258157594,0.9474756162730168,0.9216820253830658,0.9205501866739804,0.9170933996794253,0.9187661228828847,0.9108027021262952,0.9110545503780818,0.9494549826502746,0.9292993273926425,0.9110494365380777,0.9144595441914708,0.9136731185456707,0.9147652796154775,0.909706355708467,0.9428765151670289,0.9365901539099036,0.9066938685440368,0.9248210939900584,0.9136109121771405,0.9093276341540735,0.9082642505547321
59,5,CSVs/AvD.csv,None,MCC,0.9473235779138575,0.9417408391122765,0.9180243975848242,0.9259621304917799,0.9293687292072242,0.9167586414078915,0.9116017386352315,0.9566617597015921,0.9481281756272419,0.9283982119740267,0.9302004864483155,0.935648933648031,0.9196641894839741,0.9156503652389343,0.8440539999157968,0.8280087707136321,0.8073915292595372,0.7846180570448003,0.813966643266998,0.7776087703234549,0.7556919526340404,0.9261823662881404,0.9208258533341975,0.8998663592297176,0.9130532022541675,0.9114225611276732,0.8956604488207823,0.8849032746764717,0.9485621319705437,0.9216820253830658,0.921677798983515,0.9181659146090115,0.9187661228828847,0.9108027021262952,0.9110545503780818,0.9505014116226935,0.9292993273926425,0.9110494365380777,0.9155236858842274,0.9147583961576192,0.9147652796154775,0.909706355708467,0.9428765151670289,0.9365901539099036,0.9066938685440368,0.9248210939900584,0.9136109121771405,0.9093276341540735,0.9082642505547321
