A,C,D,E,F,G,H,I,ID,K,L,Length,M,N,P,Q,R,S,T,V,W,Y
0.10821917808219178,0.009589041095890411,0.07260273972602739,0.0547945205479452,0.038356164383561646,0.09315068493150686,0.015068493150684932,0.03424657534246575,2730446317,0.0547945205479452,0.0863013698630137,730,0.0273972602739726,0.04246575342465753,0.04794520547945205,0.038356164383561646,0.050684931506849315,0.057534246575342465,0.0547945205479452,0.06027397260273973,0.03287671232876712,0.02054794520547945
0.05660377358490566,0.018867924528301886,0.06289308176100629,0.050314465408805034,0.05660377358490566,0.08176100628930817,0.012578616352201259,0.050314465408805034,2730444722,0.05660377358490566,0.0880503144654088,159,0.018867924528301886,0.03773584905660377,0.03773584905660377,0.0440251572327044,0.031446540880503145,0.07547169811320754,0.07547169811320754,0.08176100628930817,0.006289308176100629,0.05660377358490566
0.08771929824561403,0.017543859649122806,0.06432748538011696,0.05263157894736842,0.03508771929824561,0.06432748538011696,0.011695906432748537,0.05847953216374269,2730444162,0.04093567251461988,0.1111111111111111,171,0.017543859649122806,0.023391812865497075,0.05847953216374269,0.029239766081871343,0.05263157894736842,0.05263157894736842,0.08187134502923976,0.1111111111111111,0.005847953216374269,0.023391812865497075
0.09375,0.014204545454545454,0.045454545454545456,0.06534090909090909,0.048295454545454544,0.08522727272727272,0.017045454545454544,0.048295454545454544,642669111,0.07670454545454546,0.07102272727272728,352,0.022727272727272728,0.045454545454545456,0.07386363636363637,0.03409090909090909,0.028409090909090908,0.07954545454545454,0.056818181818181816,0.06818181818181818,0.008522727272727272,0.017045454545454544
0.10982658959537572,0.023121387283236993,0.05202312138728324,0.08092485549132948,0.06358381502890173,0.057803468208092484,0.023121387283236993,0.028901734104046242,642668456,0.05202312138728324,0.11560693641618497,173,0.023121387283236993,0.046242774566473986,0.05202312138728324,0.005780346820809248,0.04046242774566474,0.057803468208092484,0.05202312138728324,0.09826589595375723,0.0,0.017341040462427744
0.0942622950819672,0.00546448087431694,0.06967213114754098,0.07650273224043716,0.036885245901639344,0.10109289617486339,0.025956284153005466,0.03278688524590164,642667757,0.04371584699453552,0.08333333333333333,732,0.03415300546448088,0.031420765027322405,0.06284153005464481,0.0273224043715847,0.06284153005464481,0.05191256830601093,0.04918032786885246,0.05191256830601093,0.03278688524590164,0.025956284153005466
0.09016393442622951,0.00546448087431694,0.07103825136612021,0.07377049180327869,0.036885245901639344,0.09836065573770492,0.023224043715846996,0.03415300546448088,2730449095,0.04371584699453552,0.08469945355191257,732,0.03415300546448088,0.036885245901639344,0.060109289617486336,0.030054644808743168,0.06420765027322405,0.0546448087431694,0.04644808743169399,0.05327868852459016,0.03278688524590164,0.025956284153005466
0.1520912547528517,0.022813688212927757,0.060836501901140684,0.07604562737642585,0.030418250950570342,0.07604562737642585,0.015209125475285171,0.057034220532319393,2730448593,0.022813688212927757,0.09505703422053231,263,0.045627376425855515,0.030418250950570342,0.049429657794676805,0.03802281368821293,0.060836501901140684,0.049429657794676805,0.057034220532319393,0.030418250950570342,0.0076045627376425855,0.022813688212927757
0.1144578313253012,0.024096385542168676,0.05421686746987952,0.0783132530120482,0.060240963855421686,0.060240963855421686,0.018072289156626505,0.030120481927710843,2730448314,0.04819277108433735,0.10843373493975904,166,0.018072289156626505,0.05421686746987952,0.05421686746987952,0.006024096385542169,0.03614457831325301,0.05421686746987952,0.05421686746987952,0.10843373493975904,0.0,0.018072289156626505
0.08238636363636363,0.014204545454545454,0.05113636363636364,0.0625,0.048295454545454544,0.08238636363636363,0.017045454545454544,0.05113636363636364,2730448025,0.08238636363636363,0.07386363636363637,352,0.022727272727272728,0.04261363636363636,0.07670454545454546,0.03125,0.022727272727272728,0.08238636363636363,0.05965909090909091,0.07102272727272728,0.008522727272727272,0.017045454545454544
0.09271523178807947,0.013245033112582781,0.033112582781456956,0.09271523178807947,0.026490066225165563,0.046357615894039736,0.019867549668874173,0.046357615894039736,642679114,0.07947019867549669,0.07947019867549669,151,0.033112582781456956,0.046357615894039736,0.039735099337748346,0.0728476821192053,0.052980132450331126,0.019867549668874173,0.0728476821192053,0.08609271523178808,0.013245033112582781,0.033112582781456956
0.07602339181286549,0.017543859649122806,0.07017543859649122,0.05263157894736842,0.03508771929824561,0.06432748538011696,0.005847953216374269,0.05847953216374269,642678372,0.04093567251461988,0.1286549707602339,171,0.011695906432748537,0.03508771929824561,0.05847953216374269,0.023391812865497075,0.05847953216374269,0.06432748538011696,0.07017543859649122,0.09941520467836257,0.005847953216374269,0.023391812865497075
0.11292517006802721,0.006802721088435374,0.07210884353741497,0.061224489795918366,0.03537414965986395,0.09115646258503401,0.014965986394557823,0.02857142857142857,642677200,0.050340136054421766,0.08435374149659863,735,0.02857142857142857,0.03945578231292517,0.04897959183673469,0.04353741496598639,0.05714285714285714,0.05714285714285714,0.05442176870748299,0.05714285714285714,0.0326530612244898,0.02312925170068027
