A,C,Class,D,E,F,G,H,I,ID,K,L,Length,M,N,P,Q,R,S,T,V,W,Y
0.134920635,0.026455026,1,0.060846561,0.03968254,0.066137566,0.076719577,0.021164021,0.042328042,sp|Q02567|PEM1_PHACH,0.023809524,0.079365079,378,0.021164021,0.03968254,0.082010582,0.047619048,0.034391534,0.079365079,0.055555556,0.066137566,0.002645503,0
0.114224138,0.002155172,1,0.068965517,0.0625,0.047413793,0.096982759,0.032327586,0.015086207,sp|K7N5M8|DYP2_AMYS7,0.034482759,0.099137931,464,0.017241379,0.034482759,0.077586207,0.038793103,0.060344828,0.043103448,0.0625,0.0625,0.010775862,0.019396552
0.12565445,0.02617801,1,0.068062827,0.047120419,0.068062827,0.07591623,0.018324607,0.039267016,sp|P19136|PEM4_PHACH,0.031413613,0.086387435,382,0.023560209,0.036649215,0.078534031,0.036649215,0.028795812,0.07591623,0.073298429,0.057591623,0.002617801,0
0.138461538,0.025641026,1,0.074358974,0.038461538,0.066666667,0.074358974,0.015384615,0.038461538,sp|Q70LM3|PEM2_PHLRA,0.020512821,0.087179487,390,0.015384615,0.041025641,0.084615385,0.035897436,0.020512821,0.071794872,0.071794872,0.076923077,0.002564103,0
0.127071823,0.022099448,1,0.05801105,0.060773481,0.063535912,0.082872928,0.022099448,0.069060773,sp|Q96TS6|PEM3_PHLRA,0.013812155,0.060773481,362,0.013812155,0.035911602,0.074585635,0.046961326,0.03038674,0.077348066,0.074585635,0.063535912,0.002762431,0
0.126315789,0.026315789,1,0.068421053,0.039473684,0.060526316,0.063157895,0.015789474,0.05,sp|P78733|PEM3_PHACH,0.031578947,0.086842105,380,0.015789474,0.044736842,0.076315789,0.05,0.031578947,0.073684211,0.076315789,0.060526316,0.002631579,0
0.132963989,0.022160665,1,0.074792244,0.03601108,0.063711911,0.083102493,0.019390582,0.055401662,sp|O94753|VPL2_PLEER,0.030470914,0.08033241,361,0.013850416,0.027700831,0.085872576,0.047091413,0.027700831,0.074792244,0.052631579,0.066481994,0.005540166,0
0.124324324,0.024324324,1,0.064864865,0.043243243,0.067567568,0.075675676,0.021621622,0.051351351,sp|Q9UVP6|VPS1_PLEER,0.027027027,0.081081081,370,0.021621622,0.040540541,0.081081081,0.043243243,0.02972973,0.067567568,0.07027027,0.059459459,0.005405405,0
0.135734072,0.022160665,1,0.072022161,0.03601108,0.063711911,0.08033241,0.019390582,0.052631579,sp|Q9UR19|VPL1_PLEER,0.030470914,0.08033241,361,0.013850416,0.027700831,0.085872576,0.047091413,0.027700831,0.077562327,0.052631579,0.069252078,0.005540166,0
0.124623721,0.003010235,1,0.051173992,0.032510536,0.031908489,0.103552077,0.014449127,0.040337146,tr|P71431|P71431_LEPDI,0.032510536,0.063214931,1661,0.015653221,0.052378085,0.070439494,0.031908489,0.034316677,0.063816978,0.101143889,0.08910295,0.016857315,0.027092113
0.121807466,0.001964637,0,0.053045187,0.019646365,0.05108055,0.094302554,0.017681729,0.053045187,sp|I2DBY1|DYP_AURAJ,0.023575639,0.098231827,509,0.009823183,0.053045187,0.070726916,0.05108055,0.035363458,0.100196464,0.064833006,0.058939096,0.007858546,0.013752456
0.090909091,0.023776224,0,0.054545455,0.029370629,0.047552448,0.057342657,0.013986014,0.041958042,sp|P11678|PERE_HUMAN,0.027972028,0.121678322,715,0.020979021,0.054545455,0.064335664,0.043356643,0.116083916,0.06013986,0.046153846,0.047552448,0.015384615,0.022377622
0.042105263,0.021052632,0,0.052631579,0.063157895,0.078947368,0.057894737,0.010526316,0.057894737,sp|P18283|GPX2_HUMAN,0.052631579,0.094736842,190,0.010526316,0.057894737,0.073684211,0.042105263,0.068421053,0.047368421,0.052631579,0.063157895,0.010526316,0.036842105
0.087988827,0.022346369,0,0.051675978,0.029329609,0.048882682,0.054469274,0.019553073,0.043296089,sp|P49290|PERE_MOUSE,0.036312849,0.120111732,716,0.020949721,0.05027933,0.062849162,0.05027933,0.108938547,0.061452514,0.044692737,0.05027933,0.016759777,0.019553073
0.044247788,0.017699115,0,0.030973451,0.07079646,0.061946903,0.101769912,0.017699115,0.048672566,sp|P22352|GPX3_HUMAN,0.066371681,0.110619469,226,0.026548673,0.039823009,0.053097345,0.048672566,0.044247788,0.057522124,0.039823009,0.057522124,0.013274336,0.044247788
0.055248619,0.034530387,0,0.060773481,0.041436464,0.05801105,0.07320442,0.019337017,0.05801105,sp|Q23490|MLT7_CAEEL,0.052486188,0.078729282,724,0.033149171,0.060773481,0.049723757,0.035911602,0.064917127,0.082872928,0.067679558,0.044198895,0.008287293,0.020718232
0.03164557,0.018987342,0,0.050632911,0.063291139,0.075949367,0.075949367,0.012658228,0.050632911,sp|O59858|GPX1_SCHPO,0.101265823,0.082278481,158,0.006329114,0.075949367,0.056962025,0.069620253,0.025316456,0.056962025,0.018987342,0.075949367,0.006329114,0.044303797
0.059701493,0.019900498,0,0.044776119,0.064676617,0.054726368,0.084577114,0.009950249,0.044776119,sp|P11352|GPX1_MOUSE,0.039800995,0.104477612,201,0.014925373,0.059701493,0.074626866,0.029850746,0.069651741,0.064676617,0.059701493,0.059701493,0.009950249,0.024875622
0.081818182,0.024242424,0,0.06969697,0.03030303,0.054545455,0.093939394,0.018181818,0.060606061,sp|Q9XIV8|PERN1_TOBAC,0.03030303,0.081818182,330,0.024242424,0.042424242,0.033333333,0.033333333,0.072727273,0.072727273,0.072727273,0.084848485,0.006060606,0.012121212
0.104054054,0.004054054,0,0.067567568,0.059459459,0.035135135,0.106756757,0.016216216,0.033783784,sp|P9WIE5|KATG_MYCTU,0.047297297,0.083783784,740,0.024324324,0.037837838,0.067567568,0.028378378,0.048648649,0.048648649,0.056756757,0.068918919,0.032432432,0.028378378
0.100609756,0.033536585,0,0.054878049,0.027439024,0.048780488,0.070121951,0.012195122,0.054878049,sp|Q39034|PER59_ARATH,0.042682927,0.115853659,328,0.018292683,0.079268293,0.033536585,0.027439024,0.045731707,0.082317073,0.06097561,0.079268293,0.00304878,0.009146341
0.077363897,0.028653295,0,0.065902579,0.022922636,0.068767908,0.071633238,0.008595989,0.054441261,sp|P24102|PER22_ARATH,0.011461318,0.103151862,349,0.014326648,0.068767908,0.06017192,0.040114613,0.068767908,0.083094556,0.05730659,0.071633238,0.005730659,0.017191977
0.106060606,0.00137741,0,0.075757576,0.060606061,0.049586777,0.08953168,0.017906336,0.038567493,sp|P13029|KATG_ECOLI,0.048209366,0.08677686,726,0.017906336,0.038567493,0.055096419,0.033057851,0.056473829,0.060606061,0.053719008,0.05922865,0.03030303,0.020661157
0.137362637,0.002747253,0,0.067307692,0.056318681,0.043956044,0.092032967,0.023351648,0.024725275,sp|Q939D2|KATG_BURPS,0.042582418,0.090659341,728,0.019230769,0.038461538,0.050824176,0.038461538,0.059065934,0.049450549,0.054945055,0.057692308,0.031593407,0.019230769
0.090185676,0.00530504,0,0.070291777,0.063660477,0.030503979,0.091511936,0.030503979,0.039787798,sp|P73911|KATG_SYNY3,0.047745358,0.080901857,754,0.030503979,0.055702918,0.059681698,0.037135279,0.054376658,0.038461538,0.051724138,0.057029178,0.034482759,0.030503979
0.10483871,0.021505376,0,0.069892473,0.048387097,0.075268817,0.086021505,0.021505376,0.061827957,sp|P06181|LIG8_PHACH,0.029569892,0.067204301,372,0.016129032,0.037634409,0.083333333,0.061827957,0.02688172,0.061827957,0.056451613,0.061827957,0.008064516,0
0.097465887,0.001949318,0,0.066276803,0.031189084,0.06042885,0.079922027,0.01754386,0.064327485,sp|B0BK71|MSP1_MYCSO,0.031189084,0.081871345,513,0.015594542,0.072124756,0.072124756,0.046783626,0.04288499,0.081871345,0.066276803,0.054580897,0.007797271,0.007797271
0.103030303,0.021212121,0,0.057575758,0.048484848,0.051515152,0.06969697,0.033333333,0.048484848,sp|C0IW58|LNP_TAICA,0.018181818,0.078787879,330,0.015151515,0.048484848,0.075757576,0.036363636,0.051515152,0.096969697,0.048484848,0.060606061,0.009090909,0.027272727
0.121756487,0.001996008,0,0.057884232,0.023952096,0.053892216,0.093812375,0.013972056,0.055888224,sp|I2DBY2|DYP_EXIGL,0.02994012,0.087824351,501,0.011976048,0.055888224,0.05988024,0.057884232,0.037924152,0.075848303,0.061876248,0.077844311,0.007984032,0.011976048
0.074144487,0.001901141,0,0.077946768,0.039923954,0.068441065,0.08365019,0.022813688,0.068441065,sp|I2DBY3|DYP_MYCEP,0.022813688,0.08365019,526,0.005703422,0.049429658,0.079847909,0.038022814,0.041825095,0.081749049,0.072243346,0.070342205,0.009505703,0.007604563