A,C,Class,D,E,F,G,H,I,K,L,Length,M,N,P,Q,R,S,T,V,W,Y
0.08267716535433071,0.007874015748031496,0,0.047244094488188976,0.05511811023622047,0.031496062992125984,0.08661417322834646,0.027559055118110236,0.051181102362204724,0.07874015748031496,0.08267716535433071,254,0.023622047244094488,0.03543307086614173,0.05905511811023622,0.023622047244094488,0.03543307086614173,0.04330708661417323,0.05511811023622047,0.1062992125984252,0.01968503937007874,0.047244094488188976
0.12030075187969924,0.0037593984962406013,0,0.04887218045112782,0.06766917293233082,0.015037593984962405,0.09022556390977443,0.041353383458646614,0.045112781954887216,0.022556390977443608,0.09398496240601503,266,0.011278195488721804,0.03383458646616541,0.05639097744360902,0.018796992481203006,0.03759398496240601,0.08646616541353383,0.05263157894736842,0.10902255639097744,0.011278195488721804,0.03383458646616541
0.04878048780487805,0.012195121951219513,0,0.04878048780487805,0.06910569105691057,0.044715447154471545,0.07317073170731707,0.028455284552845527,0.04878048780487805,0.11788617886178862,0.0975609756097561,246,0.008130081300813009,0.044715447154471545,0.036585365853658534,0.02032520325203252,0.008130081300813009,0.08943089430894309,0.04878048780487805,0.0975609756097561,0.024390243902439025,0.032520325203252036
0.09448818897637795,0.007874015748031496,0,0.051181102362204724,0.047244094488188976,0.031496062992125984,0.09055118110236221,0.031496062992125984,0.047244094488188976,0.08267716535433071,0.08267716535433071,254,0.027559055118110236,0.03543307086614173,0.05511811023622047,0.01968503937007874,0.03543307086614173,0.047244094488188976,0.047244094488188976,0.0984251968503937,0.01968503937007874,0.047244094488188976
0.08661417322834646,0.007874015748031496,0,0.047244094488188976,0.051181102362204724,0.031496062992125984,0.08267716535433071,0.031496062992125984,0.047244094488188976,0.07874015748031496,0.08267716535433071,254,0.027559055118110236,0.03543307086614173,0.05511811023622047,0.01968503937007874,0.03543307086614173,0.05511811023622047,0.05511811023622047,0.10236220472440945,0.01968503937007874,0.047244094488188976
0.09055118110236221,0.007874015748031496,0,0.047244094488188976,0.03937007874015748,0.031496062992125984,0.09055118110236221,0.03543307086614173,0.051181102362204724,0.07480314960629922,0.08661417322834646,254,0.01968503937007874,0.04330708661417323,0.05511811023622047,0.031496062992125984,0.027559055118110236,0.04330708661417323,0.051181102362204724,0.1062992125984252,0.01968503937007874,0.047244094488188976
0.09055118110236221,0.007874015748031496,0,0.047244094488188976,0.051181102362204724,0.031496062992125984,0.08661417322834646,0.027559055118110236,0.047244094488188976,0.07874015748031496,0.08267716535433071,254,0.023622047244094488,0.03543307086614173,0.05511811023622047,0.01968503937007874,0.03543307086614173,0.04330708661417323,0.05511811023622047,0.1141732283464567,0.01968503937007874,0.047244094488188976
0.08661417322834646,0.007874015748031496,0,0.047244094488188976,0.051181102362204724,0.031496062992125984,0.09055118110236221,0.031496062992125984,0.03937007874015748,0.07086614173228346,0.09055118110236221,254,0.027559055118110236,0.03543307086614173,0.05511811023622047,0.023622047244094488,0.03543307086614173,0.051181102362204724,0.05511811023622047,0.10236220472440945,0.01968503937007874,0.047244094488188976
0.08661417322834646,0.007874015748031496,0,0.047244094488188976,0.047244094488188976,0.03543307086614173,0.08661417322834646,0.031496062992125984,0.047244094488188976,0.07874015748031496,0.08267716535433071,254,0.023622047244094488,0.03543307086614173,0.05905511811023622,0.01968503937007874,0.031496062992125984,0.051181102362204724,0.05511811023622047,0.1062992125984252,0.023622047244094488,0.04330708661417323
0.08661417322834646,0.007874015748031496,0,0.047244094488188976,0.04330708661417323,0.031496062992125984,0.08267716535433071,0.031496062992125984,0.051181102362204724,0.07874015748031496,0.08267716535433071,254,0.027559055118110236,0.03543307086614173,0.05905511811023622,0.01968503937007874,0.03937007874015748,0.05905511811023622,0.051181102362204724,0.0984251968503937,0.01968503937007874,0.047244094488188976
0.07874015748031496,0.003937007874015748,0,0.051181102362204724,0.047244094488188976,0.031496062992125984,0.08661417322834646,0.03543307086614173,0.047244094488188976,0.06692913385826772,0.09448818897637795,254,0.01968503937007874,0.03543307086614173,0.05905511811023622,0.023622047244094488,0.03543307086614173,0.051181102362204724,0.05511811023622047,0.1062992125984252,0.01968503937007874,0.051181102362204724
0.07874015748031496,0.007874015748031496,0,0.047244094488188976,0.051181102362204724,0.03543307086614173,0.08661417322834646,0.031496062992125984,0.047244094488188976,0.07874015748031496,0.07874015748031496,254,0.031496062992125984,0.03543307086614173,0.05511811023622047,0.023622047244094488,0.03543307086614173,0.051181102362204724,0.05511811023622047,0.10236220472440945,0.01968503937007874,0.047244094488188976
0.15185185185185185,0.007407407407407408,0,0.06296296296296296,0.025925925925925925,0.03333333333333333,0.09259259259259259,0.040740740740740744,0.05185185185185185,0.03333333333333333,0.08148148148148149,270,0.044444444444444446,0.040740740740740744,0.05555555555555555,0.044444444444444446,0.02962962962962963,0.05185185185185185,0.06296296296296296,0.05925925925925926,0.014814814814814815,0.014814814814814815
0.07883817427385892,0.008298755186721992,0,0.04979253112033195,0.04979253112033195,0.03319502074688797,0.0912863070539419,0.029045643153526972,0.03734439834024896,0.06639004149377593,0.0995850622406639,241,0.02074688796680498,0.03319502074688797,0.058091286307053944,0.029045643153526972,0.04149377593360996,0.04564315352697095,0.058091286307053944,0.1037344398340249,0.016597510373443983,0.04979253112033195
0.08298755186721991,0.008298755186721992,0,0.04979253112033195,0.04979253112033195,0.03319502074688797,0.08713692946058091,0.029045643153526972,0.04564315352697095,0.07883817427385892,0.08713692946058091,241,0.016597510373443983,0.03734439834024896,0.058091286307053944,0.02074688796680498,0.03734439834024896,0.04564315352697095,0.058091286307053944,0.1078838174273859,0.016597510373443983,0.04979253112033195
0.15161290322580645,0.0064516129032258064,1,0.054838709677419356,0.041935483870967745,0.03225806451612903,0.07741935483870968,0.016129032258064516,0.03870967741935484,0.035483870967741936,0.1064516129032258,310,0.02258064516129032,0.025806451612903226,0.06451612903225806,0.02258064516129032,0.07419354838709677,0.06129032258064516,0.1,0.054838709677419356,0.00967741935483871,0.0032258064516129032
0.14473684210526316,0.009868421052631578,1,0.0756578947368421,0.03618421052631579,0.013157894736842105,0.07894736842105263,0.009868421052631578,0.02631578947368421,0.019736842105263157,0.125,304,0.019736842105263157,0.03618421052631579,0.06578947368421052,0.03289473684210526,0.08881578947368421,0.05263157894736842,0.08552631578947369,0.05921052631578947,0.009868421052631578,0.009868421052631578
0.10472972972972973,0.010135135135135136,1,0.08445945945945946,0.06418918918918919,0.02027027027027027,0.10472972972972973,0.0033783783783783786,0.037162162162162164,0.04054054054054054,0.11824324324324324,296,0.02364864864864865,0.030405405405405407,0.05067567567567568,0.0033783783783783786,0.06418918918918919,0.060810810810810814,0.08783783783783784,0.06418918918918919,0.013513513513513514,0.013513513513513514
0.10666666666666667,0.013333333333333334,1,0.07333333333333333,0.07,0.02,0.11,0.006666666666666667,0.03666666666666667,0.04,0.11333333333333333,300,0.023333333333333334,0.03,0.05,0.0,0.06333333333333334,0.06333333333333334,0.08666666666666667,0.06666666666666667,0.013333333333333334,0.013333333333333334
0.1782178217821782,0.006600660066006601,1,0.04950495049504951,0.0462046204620462,0.0231023102310231,0.09900990099009901,0.013201320132013201,0.039603960396039604,0.036303630363036306,0.09570957095709572,303,0.026402640264026403,0.0231023102310231,0.036303630363036306,0.036303630363036306,0.07590759075907591,0.056105610561056105,0.08250825082508251,0.056105610561056105,0.013201320132013201,0.006600660066006601
0.13758389261744966,0.003355704697986577,1,0.05704697986577181,0.050335570469798654,0.030201342281879196,0.09060402684563758,0.003355704697986577,0.02348993288590604,0.030201342281879196,0.10738255033557047,298,0.030201342281879196,0.030201342281879196,0.06040268456375839,0.026845637583892617,0.0738255033557047,0.06375838926174497,0.050335570469798654,0.10067114093959731,0.010067114093959731,0.020134228187919462
0.12258064516129032,0.00967741935483871,1,0.07096774193548387,0.07419354838709677,0.01935483870967742,0.10967741935483871,0.0032258064516129032,0.041935483870967745,0.04516129032258064,0.12580645161290321,310,0.02258064516129032,0.02903225806451613,0.054838709677419356,0.0032258064516129032,0.06129032258064516,0.04838709677419355,0.07741935483870968,0.05161290322580645,0.012903225806451613,0.016129032258064516
0.15309446254071662,0.013029315960912053,1,0.0749185667752443,0.03908794788273615,0.02280130293159609,0.09446254071661238,0.016286644951140065,0.03257328990228013,0.019543973941368076,0.10097719869706841,307,0.019543973941368076,0.02280130293159609,0.05537459283387622,0.02280130293159609,0.08143322475570032,0.03908794788273615,0.08469055374592833,0.06840390879478828,0.009771986970684038,0.029315960912052116
0.15309446254071662,0.013029315960912053,1,0.0749185667752443,0.03908794788273615,0.02280130293159609,0.09446254071661238,0.016286644951140065,0.03257328990228013,0.019543973941368076,0.10097719869706841,307,0.019543973941368076,0.02280130293159609,0.05537459283387622,0.02280130293159609,0.08143322475570032,0.03908794788273615,0.08469055374592833,0.06840390879478828,0.009771986970684038,0.029315960912052116
0.15309446254071662,0.013029315960912053,1,0.0749185667752443,0.03908794788273615,0.02280130293159609,0.09446254071661238,0.016286644951140065,0.03257328990228013,0.019543973941368076,0.10097719869706841,307,0.019543973941368076,0.02280130293159609,0.05537459283387622,0.02280130293159609,0.08143322475570032,0.03908794788273615,0.08469055374592833,0.06840390879478828,0.009771986970684038,0.029315960912052116
0.15309446254071662,0.013029315960912053,1,0.0749185667752443,0.03908794788273615,0.02280130293159609,0.09446254071661238,0.016286644951140065,0.03257328990228013,0.019543973941368076,0.10097719869706841,307,0.019543973941368076,0.02280130293159609,0.05537459283387622,0.02280130293159609,0.08143322475570032,0.03908794788273615,0.08469055374592833,0.06840390879478828,0.009771986970684038,0.029315960912052116
0.1413793103448276,0.006896551724137931,1,0.05517241379310345,0.03793103448275862,0.034482758620689655,0.06896551724137931,0.006896551724137931,0.05862068965517241,0.041379310344827586,0.10344827586206896,290,0.03103448275862069,0.027586206896551724,0.06896551724137931,0.05172413793103448,0.05862068965517241,0.041379310344827586,0.08620689655172414,0.04482758620689655,0.006896551724137931,0.027586206896551724
0.12244897959183673,0.006802721088435374,1,0.05782312925170068,0.05102040816326531,0.023809523809523808,0.0782312925170068,0.01020408163265306,0.04421768707482993,0.06802721088435375,0.10884353741496598,294,0.023809523809523808,0.030612244897959183,0.034013605442176874,0.061224489795918366,0.05102040816326531,0.04421768707482993,0.09863945578231292,0.05442176870748299,0.013605442176870748,0.017006802721088437
0.07009345794392523,0.004672897196261682,1,0.07009345794392523,0.03271028037383177,0.035046728971962614,0.037383177570093455,0.016355140186915886,0.07242990654205607,0.08411214953271028,0.102803738317757,428,0.02336448598130841,0.05841121495327103,0.037383177570093455,0.07242990654205607,0.02336448598130841,0.06542056074766354,0.06074766355140187,0.05841121495327103,0.007009345794392523,0.06775700934579439
0.125,0.009868421052631578,1,0.06578947368421052,0.046052631578947366,0.03289473684210526,0.0756578947368421,0.009868421052631578,0.06578947368421052,0.08223684210526316,0.09539473684210527,304,0.013157894736842105,0.05921052631578947,0.029605263157894735,0.023026315789473683,0.04276315789473684,0.0625,0.08223684210526316,0.039473684210526314,0.009868421052631578,0.029605263157894735
